Protein State,Protein,Start,End,Sequence,Peptide Mass,RT (min),Deut Time (sec),maxD,Theor Uptake #D,#D,%D,Conf Interval (#D),#Rep,Confidence,Stddev,p,#D right,%D right,Conf Interval (#D right),#Rep right,Stddev right,p right
GSP1-WT-GDP,P32835,1,14,GSSAPAANGEVPTF,1303.6044,8.6286,0,10,0,0,0,n/a,1,Medium,0,,,,,,,
GSP1-WT-GDP,P32835,1,14,GSSAPAANGEVPTF,1303.6044,8.3522,30,10,0.118,4.474,44.742,,1,Medium,0,,,,,,,
GSP1-WT-GDP,P32835,1,14,GSSAPAANGEVPTF,1303.6044,8.7494,60,10,0.234,4.953,49.533,,1,Medium,0,,,,,,,
GSP1-WT-GDP,P32835,1,14,GSSAPAANGEVPTF,1303.6044,9.1296,900,10,2.881,5.7,57,,1,Medium,0,,,,,,,
GSP1-WT-GDP,P32835,1,14,GSSAPAANGEVPTF,1303.6044,8.7654,1800,10,4.764,5.522,55.22,,1,Medium,0,,,,,,,
GSP1-WT-GDP,P32835,1,14,GSSAPAANGEVPTF,1303.6044,9.4264,3600,10,6.897,5.962,59.618,,1,Medium,0,,,,,,,
GSP1-WT-GDP,P32835,1,14,GSSAPAANGEVPTF,1303.6044,9.4264,7200,10,8.56,,,,,,,,,,,,,
GSP1-WT-GDP,P32835,1,14,GSSAPAANGEVPTF,1303.6044,9.3145,14400,10,9.494,6.001,60.007,,1,Medium,0,,,,,,,
GSP1-WT-GDP,P32835,1,16,GSSAPAANGEVPTFKL,1544.7835,9.4568,0,12,0,0,0,n/a,1,Medium,0,,,,,,,
GSP1-WT-GDP,P32835,1,16,GSSAPAANGEVPTFKL,1544.7835,9.2067,30,12,0.127,5.582,51.683,,1,Medium,0,,,,,,,
GSP1-WT-GDP,P32835,1,16,GSSAPAANGEVPTFKL,1544.7835,9.5388,60,12,0.252,6.219,57.585,,1,Medium,0,,,,,,,
GSP1-WT-GDP,P32835,1,16,GSSAPAANGEVPTFKL,1544.7835,9.9852,900,12,3.129,7.026,65.056,,1,Medium,0,,,,,,,
GSP1-WT-GDP,P32835,1,16,GSSAPAANGEVPTFKL,1544.7835,9.665,1800,12,5.227,6.958,64.429,,1,Medium,0,,,,,,,
GSP1-WT-GDP,P32835,1,16,GSSAPAANGEVPTFKL,1544.7835,10.2468,3600,12,7.708,7.497,69.417,,1,Medium,0,,,,,,,
GSP1-WT-GDP,P32835,1,16,GSSAPAANGEVPTFKL,1544.7835,10.2468,7200,12,9.835,,,,,,,,,,,,,
GSP1-WT-GDP,P32835,1,16,GSSAPAANGEVPTFKL,1544.7835,10.1883,14400,12,11.204,7.504,69.48,,1,Medium,0,,,,,,,
GSP1-WT-GDP,P32835,1,18,GSSAPAANGEVPTFKLVL,1756.9359,10.8898,0,14,0,0,0,n/a,1,High,0,,,,,,,
GSP1-WT-GDP,P32835,1,18,GSSAPAANGEVPTFKLVL,1756.9359,10.7516,30,14,0.131,5.325,42.263,,1,High,0,,,,,,,
GSP1-WT-GDP,P32835,1,18,GSSAPAANGEVPTFKLVL,1756.9359,11.1485,60,14,0.26,6.071,48.181,,1,High,0,,,,,,,
GSP1-WT-GDP,P32835,1,18,GSSAPAANGEVPTFKLVL,1756.9359,11.6208,900,14,3.256,6.952,55.178,,1,High,0,,,,,,,
GSP1-WT-GDP,P32835,1,18,GSSAPAANGEVPTFKLVL,1756.9359,10.9992,1800,14,5.473,6.892,54.697,,1,High,0,,,,,,,
GSP1-WT-GDP,P32835,1,18,GSSAPAANGEVPTFKLVL,1756.9359,11.7568,3600,14,8.169,7.24,57.463,,1,High,0,,,,,,,
GSP1-WT-GDP,P32835,1,18,GSSAPAANGEVPTFKLVL,1756.9359,11.7568,7200,14,10.65,,,,,,,,,,,,,
GSP1-WT-GDP,P32835,1,18,GSSAPAANGEVPTFKLVL,1756.9359,11.6936,14400,14,12.502,7.283,57.803,,1,High,0,,,,,,,
GSP1-WT-GDP,P32835,15,18,KLVL,471.3421,7.6956,0,2,0,0,0,n/a,1,High,0,,,,,,,
GSP1-WT-GDP,P32835,15,18,KLVL,471.3421,7.5067,30,2,0.004,0.034,1.904,,1,Medium,0,,,,,,,
GSP1-WT-GDP,P32835,15,18,KLVL,471.3421,7.7917,60,2,0.009,0.041,2.262,,1,Medium,0,,,,,,,
GSP1-WT-GDP,P32835,15,18,KLVL,471.3421,8.133,900,2,0.127,0.041,2.276,,1,Medium,0,,,,,,,
GSP1-WT-GDP,P32835,15,18,KLVL,471.3421,7.8894,1800,2,0.246,0.031,1.709,,1,Medium,0,,,,,,,
GSP1-WT-GDP,P32835,15,18,KLVL,471.3421,8.4484,3600,2,0.461,0.019,1.075,,1,Medium,0,,,,,,,
GSP1-WT-GDP,P32835,15,18,KLVL,471.3421,8.4484,7200,2,0.815,,,,,,,,,,,,,
GSP1-WT-GDP,P32835,15,18,KLVL,471.3421,8.3513,14400,2,1.298,0.024,1.328,,1,Medium,0,,,,,,,
GSP1-WT-GDP,P32835,17,29,VLVGDGGTGKTTF,1250.6507,7.466,0,11,0,0,0,n/a,1,High,0,,,,,,,
GSP1-WT-GDP,P32835,17,29,VLVGDGGTGKTTF,1250.6507,7.2651,30,11,0.132,0.486,4.911,,1,Medium,0,,,,,,,
GSP1-WT-GDP,P32835,17,29,VLVGDGGTGKTTF,1250.6507,7.5491,60,11,0.26,0.587,5.926,,1,Medium,0,,,,,,,
GSP1-WT-GDP,P32835,17,29,VLVGDGGTGKTTF,1250.6507,7.9241,900,11,3.037,0.763,7.711,,1,Medium,0,,,,,,,
GSP1-WT-GDP,P32835,17,29,VLVGDGGTGKTTF,1250.6507,7.643,1800,11,4.904,0.712,7.187,,1,Medium,0,,,,,,,
GSP1-WT-GDP,P32835,17,29,VLVGDGGTGKTTF,1250.6507,8.1532,3600,11,7.095,1.077,10.881,,1,Medium,0,,,,,,,
GSP1-WT-GDP,P32835,17,29,VLVGDGGTGKTTF,1250.6507,8.1532,7200,11,9.099,,,,,,,,,,,,,
GSP1-WT-GDP,P32835,17,29,VLVGDGGTGKTTF,1250.6507,8.0146,14400,11,10.359,1.343,13.568,,1,Medium,0,,,,,,,
GSP1-WT-GDP,P32835,17,37,VLVGDGGTGKTTFVKRHLTGE,2171.1699,6.1329,0,19,0,0,0,n/a,1,Medium,0,,,,,,,
GSP1-WT-GDP,P32835,17,37,VLVGDGGTGKTTFVKRHLTGE,2171.1699,5.8016,30,19,0.23,1.924,11.253,,1,Medium,0,,,,,,,
GSP1-WT-GDP,P32835,17,37,VLVGDGGTGKTTFVKRHLTGE,2171.1699,6.0326,60,19,0.454,2.276,13.312,,1,Medium,0,,,,,,,
GSP1-WT-GDP,P32835,17,37,VLVGDGGTGKTTFVKRHLTGE,2171.1699,6.4108,900,19,5.147,2.768,16.186,,1,Medium,0,,,,,,,
GSP1-WT-GDP,P32835,17,37,VLVGDGGTGKTTFVKRHLTGE,2171.1699,6.1504,1800,19,8.216,2.679,15.668,,1,Medium,0,,,,,,,
GSP1-WT-GDP,P32835,17,37,VLVGDGGTGKTTFVKRHLTGE,2171.1699,6.5949,3600,19,11.851,3.323,19.431,,1,Medium,0,,,,,,,
GSP1-WT-GDP,P32835,17,37,VLVGDGGTGKTTFVKRHLTGE,2171.1699,6.5949,7200,19,15.296,,,,,,,,,,,,,
GSP1-WT-GDP,P32835,17,37,VLVGDGGTGKTTFVKRHLTGE,2171.1699,6.483,14400,19,17.596,3.723,21.774,,1,Medium,0,,,,,,,
GSP1-WT-GDP,P32835,17,38,VLVGDGGTGKTTFVKRHLTGEF,2318.2383,7.3947,0,20,0,0,0,n/a,1,Medium,0,,,,,,,
GSP1-WT-GDP,P32835,17,38,VLVGDGGTGKTTFVKRHLTGEF,2318.2383,7.1252,30,20,0.238,2.786,15.478,,1,Medium,0,,,,,,,
GSP1-WT-GDP,P32835,17,38,VLVGDGGTGKTTFVKRHLTGEF,2318.2383,7.4612,60,20,0.47,2.845,15.807,,1,Medium,0,,,,,,,
GSP1-WT-GDP,P32835,17,38,VLVGDGGTGKTTFVKRHLTGEF,2318.2383,7.86,900,20,5.364,3.308,18.378,,1,Medium,0,,,,,,,
GSP1-WT-GDP,P32835,17,38,VLVGDGGTGKTTFVKRHLTGEF,2318.2383,7.46,1800,20,8.602,2.969,16.493,,1,Medium,0,,,,,,,
GSP1-WT-GDP,P32835,17,38,VLVGDGGTGKTTFVKRHLTGEF,2318.2383,8.0799,3600,20,12.475,4.178,23.213,,1,Medium,0,,,,,,,
GSP1-WT-GDP,P32835,17,38,VLVGDGGTGKTTFVKRHLTGEF,2318.2383,8.0799,7200,20,16.154,,,,,,,,,,,,,
GSP1-WT-GDP,P32835,17,38,VLVGDGGTGKTTFVKRHLTGEF,2318.2383,7.9834,14400,20,18.576,4.525,25.14,,1,Medium,0,,,,,,,
GSP1-WT-GDP,P32835,19,29,VGDGGTGKTTF,1038.4982,6.0525,0,9,0,0,0,n/a,1,Medium,0,,,,,,,
GSP1-WT-GDP,P32835,19,29,VGDGGTGKTTF,1038.4982,5.8285,30,9,0.123,0.094,1.164,,1,Medium,0,,,,,,,
GSP1-WT-GDP,P32835,19,29,VGDGGTGKTTF,1038.4982,6.134,60,9,0.244,0.251,3.104,,1,Medium,0,,,,,,,
GSP1-WT-GDP,P32835,19,29,VGDGGTGKTTF,1038.4982,6.4966,900,9,2.805,0.209,2.576,,1,Medium,0,,,,,,,
GSP1-WT-GDP,P32835,19,29,VGDGGTGKTTF,1038.4982,6.2133,1800,9,4.474,0.219,2.705,,1,Medium,0,,,,,,,
GSP1-WT-GDP,P32835,19,29,VGDGGTGKTTF,1038.4982,6.6963,3600,9,6.346,0.362,4.463,,1,Medium,0,,,,,,,
GSP1-WT-GDP,P32835,19,29,VGDGGTGKTTF,1038.4982,6.6963,7200,9,7.932,,,,,,,,,,,,,
GSP1-WT-GDP,P32835,19,29,VGDGGTGKTTF,1038.4982,6.603,14400,9,8.784,0.46,5.68,,1,Medium,0,,,,,,,
GSP1-WT-GDP,P32835,19,37,VGDGGTGKTTFVKRHLTGE,1959.0174,5.4217,0,17,0,0,0,n/a,1,Medium,0,,,,,,,
GSP1-WT-GDP,P32835,19,37,VGDGGTGKTTFVKRHLTGE,1959.0174,5.1589,30,17,0.221,1.546,9.092,,1,Medium,0,,,,,,,
GSP1-WT-GDP,P32835,19,37,VGDGGTGKTTFVKRHLTGE,1959.0174,5.6132,60,17,0.437,1.579,9.289,,1,Medium,0,,,,,,,
GSP1-WT-GDP,P32835,19,37,VGDGGTGKTTFVKRHLTGE,1959.0174,5.7675,900,17,4.915,2.182,12.838,,1,High,0,,,,,,,
GSP1-WT-GDP,P32835,19,37,VGDGGTGKTTFVKRHLTGE,1959.0174,5.6108,1800,17,7.785,1.755,10.321,,1,Medium,0,,,,,,,
GSP1-WT-GDP,P32835,19,37,VGDGGTGKTTFVKRHLTGE,1959.0174,5.946,3600,17,11.103,2.339,13.759,,1,Medium,0,,,,,,,
GSP1-WT-GDP,P32835,19,37,VGDGGTGKTTFVKRHLTGE,1959.0174,5.946,7200,17,14.129,,,,,,,,,,,,,
GSP1-WT-GDP,P32835,19,37,VGDGGTGKTTFVKRHLTGE,1959.0174,5.8473,14400,17,16.021,2.677,15.746,,1,High,0,,,,,,,
GSP1-WT-GDP,P32835,19,38,VGDGGTGKTTFVKRHLTGEF,2106.0858,6.8324,0,18,0,0,0,n/a,1,High,0,,,,,,,
GSP1-WT-GDP,P32835,19,38,VGDGGTGKTTFVKRHLTGEF,2106.0858,6.6124,30,18,0.229,2.248,13.878,,1,High,0,,,,,,,
GSP1-WT-GDP,P32835,19,38,VGDGGTGKTTFVKRHLTGEF,2106.0858,6.929,60,18,0.453,2.506,15.467,,1,High,0,,,,,,,
GSP1-WT-GDP,P32835,19,38,VGDGGTGKTTFVKRHLTGEF,2106.0858,7.3204,900,18,5.132,2.853,17.609,,1,High,0,,,,,,,
GSP1-WT-GDP,P32835,19,38,VGDGGTGKTTFVKRHLTGEF,2106.0858,6.9055,1800,18,8.172,2.94,18.148,,1,High,0,,,,,,,
GSP1-WT-GDP,P32835,19,38,VGDGGTGKTTFVKRHLTGEF,2106.0858,7.4995,3600,18,11.726,3.147,19.428,,1,High,0,,,,,,,
GSP1-WT-GDP,P32835,19,38,VGDGGTGKTTFVKRHLTGEF,2106.0858,7.4995,7200,18,14.987,,,,,,,,,,,,,
GSP1-WT-GDP,P32835,19,38,VGDGGTGKTTFVKRHLTGEF,2106.0858,7.4098,14400,18,17.001,3.413,21.068,,1,High,0,,,,,,,
GSP1-WT-GDP,P32835,30,38,VKRHLTGEF,1085.5982,5.5296,0,7,0,0,0,n/a,1,Medium,0,,,,,,,
GSP1-WT-GDP,P32835,30,38,VKRHLTGEF,1085.5982,5.3404,30,7,0.1,0.972,15.431,,1,Medium,0,,,,,,,
GSP1-WT-GDP,P32835,30,38,VKRHLTGEF,1085.5982,5.5863,60,7,0.197,1.274,20.217,,1,Medium,0,,,,,,,
GSP1-WT-GDP,P32835,30,38,VKRHLTGEF,1085.5982,5.9047,900,7,2.15,1.254,19.897,,1,Medium,0,,,,,,,
GSP1-WT-GDP,P32835,30,38,VKRHLTGEF,1085.5982,5.6869,1800,7,3.363,1.006,15.973,,1,Medium,0,,,,,,,
GSP1-WT-GDP,P32835,30,38,VKRHLTGEF,1085.5982,6.0913,3600,7,4.774,1.154,18.324,,1,Medium,0,,,,,,,
GSP1-WT-GDP,P32835,30,38,VKRHLTGEF,1085.5982,6.0913,7200,7,6.052,,,,,,,,,,,,,
GSP1-WT-GDP,P32835,30,38,VKRHLTGEF,1085.5982,5.9878,14400,7,6.762,1.435,22.785,,1,Medium,0,,,,,,,
GSP1-WT-GDP,P32835,30,45,VKRHLTGEFEKKYIAT,1919.0629,5.5412,0,14,0,0,0,n/a,1,Medium,0,,,,,,,
GSP1-WT-GDP,P32835,30,45,VKRHLTGEFEKKYIAT,1919.0629,5.3236,30,14,0.146,6.274,49.79,,1,Medium,0,,,,,,,
GSP1-WT-GDP,P32835,30,45,VKRHLTGEFEKKYIAT,1919.0629,5.5927,60,14,0.289,6.471,51.357,,1,Medium,0,,,,,,,
GSP1-WT-GDP,P32835,30,45,VKRHLTGEFEKKYIAT,1919.0629,5.888,900,14,3.384,7.277,57.753,,1,Medium,0,,,,,,,
GSP1-WT-GDP,P32835,30,45,VKRHLTGEFEKKYIAT,1919.0629,5.6598,1800,14,5.574,6.487,51.485,,1,Medium,0,,,,,,,
GSP1-WT-GDP,P32835,30,45,VKRHLTGEFEKKYIAT,1919.0629,6.0719,3600,14,8.39,6.554,52.016,,1,Medium,0,,,,,,,
GSP1-WT-GDP,P32835,30,45,VKRHLTGEFEKKYIAT,1919.0629,6.0719,7200,14,11.2,,,,,,,,,,,,,
GSP1-WT-GDP,P32835,30,45,VKRHLTGEFEKKYIAT,1919.0629,5.9725,14400,14,13.01,6.861,54.452,,1,Medium,0,,,,,,,
GSP1-WT-GDP,P32835,30,47,VKRHLTGEFEKKYIATIG,2089.1684,6.6736,0,16,0,0,0,n/a,1,Medium,0,,,,,,,
GSP1-WT-GDP,P32835,30,47,VKRHLTGEFEKKYIATIG,2089.1684,6.3771,30,16,0.152,7.779,54.022,,1,Medium,0,,,,,,,
GSP1-WT-GDP,P32835,30,47,VKRHLTGEFEKKYIATIG,2089.1684,6.6801,60,16,0.301,8.318,57.764,,1,Medium,0,,,,,,,
GSP1-WT-GDP,P32835,30,47,VKRHLTGEFEKKYIATIG,2089.1684,7.078,900,16,3.553,8.479,58.883,,1,Medium,0,,,,,,,
GSP1-WT-GDP,P32835,30,47,VKRHLTGEFEKKYIATIG,2089.1684,6.7642,1800,16,5.895,8.469,58.814,,1,Medium,0,,,,,,,
GSP1-WT-GDP,P32835,30,47,VKRHLTGEFEKKYIATIG,2089.1684,7.2867,3600,16,8.974,8.636,59.972,,1,Medium,0,,,,,,,
GSP1-WT-GDP,P32835,30,47,VKRHLTGEFEKKYIATIG,2089.1684,7.2867,7200,16,12.177,,,,,,,,,,,,,
GSP1-WT-GDP,P32835,30,47,VKRHLTGEFEKKYIATIG,2089.1684,7.1954,14400,16,14.447,8.895,61.772,,1,Medium,0,,,,,,,
GSP1-WT-GDP,P32835,38,45,FEKKYIAT,998.5437,5.292,0,6,0,0,0,n/a,1,Medium,0,,,,,,,
GSP1-WT-GDP,P32835,38,45,FEKKYIAT,998.5437,5.0869,30,6,0.036,2.429,44.99,,1,Medium,0,,,,,,,
GSP1-WT-GDP,P32835,38,45,FEKKYIAT,998.5437,5.4313,60,6,0.072,2.823,52.27,,1,Medium,0,,,,,,,
GSP1-WT-GDP,P32835,38,45,FEKKYIAT,998.5437,5.6945,900,6,0.978,3.311,61.322,,1,Medium,0,,,,,,,
GSP1-WT-GDP,P32835,38,45,FEKKYIAT,998.5437,5.4218,1800,6,1.764,2.935,54.354,,1,Medium,0,,,,,,,
GSP1-WT-GDP,P32835,38,45,FEKKYIAT,998.5437,5.8264,3600,6,2.921,3.242,60.035,,1,Medium,0,,,,,,,
GSP1-WT-GDP,P32835,38,45,FEKKYIAT,998.5437,5.8264,7200,6,4.241,,,,,,,,,,,,,
GSP1-WT-GDP,P32835,38,45,FEKKYIAT,998.5437,5.726,14400,6,5.256,3.483,64.508,,1,Medium,0,,,,,,,
GSP1-WT-GDP,P32835,38,55,FEKKYIATIGVEVHPLSF,2077.1248,9.7002,0,15,0,0,0,n/a,1,Medium,0,,,,,,,
GSP1-WT-GDP,P32835,38,55,FEKKYIATIGVEVHPLSF,2077.1248,9.6858,30,15,0.096,5.844,43.292,,1,Medium,0,,,,,,,
GSP1-WT-GDP,P32835,38,55,FEKKYIATIGVEVHPLSF,2077.1248,10.0385,60,15,0.192,6.593,48.834,,1,Medium,0,,,,,,,
GSP1-WT-GDP,P32835,38,55,FEKKYIATIGVEVHPLSF,2077.1248,10.3605,900,15,2.525,8.364,61.956,,1,Medium,0,,,,,,,
GSP1-WT-GDP,P32835,38,55,FEKKYIATIGVEVHPLSF,2077.1248,10.0498,1800,15,4.463,8.361,61.934,,1,Medium,0,,,,,,,
GSP1-WT-GDP,P32835,38,55,FEKKYIATIGVEVHPLSF,2077.1248,10.5097,3600,15,7.225,9.057,67.088,,1,Medium,0,,,,,,,
GSP1-WT-GDP,P32835,38,55,FEKKYIATIGVEVHPLSF,2077.1248,10.5097,7200,15,10.383,,,,,,,,,,,,,
GSP1-WT-GDP,P32835,38,55,FEKKYIATIGVEVHPLSF,2077.1248,10.4352,14400,15,12.994,9.052,67.049,,1,Medium,0,,,,,,,
GSP1-WT-GDP,P32835,39,45,EKKYIAT,851.4753,4.7156,0,5,0,0,0,n/a,1,Medium,0,,,,,,,
GSP1-WT-GDP,P32835,39,45,EKKYIAT,851.4753,4.6377,30,5,0.025,2.424,53.861,,1,Medium,0,,,,,,,
GSP1-WT-GDP,P32835,39,45,EKKYIAT,851.4753,4.7703,60,5,0.049,2.793,62.076,,1,Medium,0,,,,,,,
GSP1-WT-GDP,P32835,39,45,EKKYIAT,851.4753,4.9733,900,5,0.685,3.059,67.977,,1,Medium,0,,,,,,,
GSP1-WT-GDP,P32835,39,45,EKKYIAT,851.4753,4.8089,1800,5,1.264,2.84,63.102,,1,Medium,0,,,,,,,
GSP1-WT-GDP,P32835,39,45,EKKYIAT,851.4753,5.1037,3600,5,2.171,3.127,69.489,,1,Medium,0,,,,,,,
GSP1-WT-GDP,P32835,39,45,EKKYIAT,851.4753,5.1037,7200,5,3.304,,,,,,,,,,,,,
GSP1-WT-GDP,P32835,39,45,EKKYIAT,851.4753,5.0215,14400,5,4.26,3.235,71.891,,1,Medium,0,,,,,,,
GSP1-WT-GDP,P32835,39,47,EKKYIATIG,1021.5808,5.9058,0,7,0,0,0,n/a,1,Medium,0,,,,,,,
GSP1-WT-GDP,P32835,39,47,EKKYIATIG,1021.5808,5.7227,30,7,0.031,3.629,57.611,,1,Medium,0,,,,,,,
GSP1-WT-GDP,P32835,39,47,EKKYIATIG,1021.5808,5.9517,60,7,0.061,4.315,68.485,,1,Medium,0,,,,,,,
GSP1-WT-GDP,P32835,39,47,EKKYIATIG,1021.5808,6.3159,900,7,0.854,4.533,71.958,,1,Medium,0,,,,,,,
GSP1-WT-GDP,P32835,39,47,EKKYIATIG,1021.5808,6.015,1800,7,1.585,4.416,70.103,,1,Medium,0,,,,,,,
GSP1-WT-GDP,P32835,39,47,EKKYIATIG,1021.5808,6.4662,3600,7,2.755,4.9,77.775,,1,Medium,0,,,,,,,
GSP1-WT-GDP,P32835,39,47,EKKYIATIG,1021.5808,6.4662,7200,7,4.281,,,,,,,,,,,,,
GSP1-WT-GDP,P32835,39,47,EKKYIATIG,1021.5808,6.3552,14400,7,5.697,5.061,80.332,,1,Medium,0,,,,,,,
GSP1-WT-GDP,P32835,39,49,EKKYIATIGVE,1249.6918,6.7925,0,9,0,0,0,n/a,1,Medium,0,,,,,,,
GSP1-WT-GDP,P32835,39,49,EKKYIATIGVE,1249.6918,7.3142,30,9,0.042,1.681,20.751,,1,Medium,0,,,,,,,
GSP1-WT-GDP,P32835,39,49,EKKYIATIGVE,1249.6918,7.5858,60,9,0.084,1.807,22.303,,1,Medium,0,,,,,,,
GSP1-WT-GDP,P32835,39,49,EKKYIATIGVE,1249.6918,8.0194,900,9,1.171,1.956,24.152,,1,Medium,0,,,,,,,
GSP1-WT-GDP,P32835,39,49,EKKYIATIGVE,1249.6918,7.6838,1800,9,2.168,1.929,23.821,,1,Medium,0,,,,,,,
GSP1-WT-GDP,P32835,39,49,EKKYIATIGVE,1249.6918,8.1023,3600,9,3.745,2.26,27.905,,1,Medium,0,,,,,,,
GSP1-WT-GDP,P32835,39,49,EKKYIATIGVE,1249.6918,8.1023,7200,9,5.762,,,,,,,,,,,,,
GSP1-WT-GDP,P32835,39,49,EKKYIATIGVE,1249.6918,8.0614,14400,9,7.552,2.491,30.749,,1,Medium,0,,,,,,,
GSP1-WT-GDP,P32835,39,55,EKKYIATIGVEVHPLSF,1930.0564,9.6806,0,14,0,0,0,n/a,1,Medium,0,,,,,,,
GSP1-WT-GDP,P32835,39,55,EKKYIATIGVEVHPLSF,1930.0564,9.2481,30,14,0.085,5.578,44.269,,1,High,0,,,,,,,
GSP1-WT-GDP,P32835,39,55,EKKYIATIGVEVHPLSF,1930.0564,9.564,60,14,0.169,6.248,49.591,,1,High,0,,,,,,,
GSP1-WT-GDP,P32835,39,55,EKKYIATIGVEVHPLSF,1930.0564,10.0871,900,14,2.232,8.189,64.993,,1,High,0,,,,,,,
GSP1-WT-GDP,P32835,39,55,EKKYIATIGVEVHPLSF,1930.0564,9.5871,1800,14,3.963,8.219,65.23,,1,High,0,,,,,,,
GSP1-WT-GDP,P32835,39,55,EKKYIATIGVEVHPLSF,1930.0564,10.2105,3600,14,6.475,8.822,70.018,,1,High,0,,,,,,,
GSP1-WT-GDP,P32835,39,55,EKKYIATIGVEVHPLSF,1930.0564,10.2105,7200,14,9.445,,,,,,,,,,,,,
GSP1-WT-GDP,P32835,39,55,EKKYIATIGVEVHPLSF,1930.0564,10.2102,14400,14,11.998,9.051,71.835,,1,High,0,,,,,,,
GSP1-WT-GDP,P32835,46,50,IGVEV,515.2955,7.7246,0,3,0,0,0,n/a,1,Medium,0,,,,,,,
GSP1-WT-GDP,P32835,46,50,IGVEV,515.2955,7.5071,30,3,0.015,0.073,2.685,,1,Medium,0,,,,,,,
GSP1-WT-GDP,P32835,46,50,IGVEV,515.2955,7.8466,60,3,0.029,0.083,3.076,,1,Medium,0,,,,,,,
GSP1-WT-GDP,P32835,46,50,IGVEV,515.2955,8.2544,900,3,0.411,0.071,2.634,,1,Medium,0,,,,,,,
GSP1-WT-GDP,P32835,46,50,IGVEV,515.2955,7.9252,1800,3,0.76,0.073,2.709,,1,Medium,0,,,,,,,
GSP1-WT-GDP,P32835,46,50,IGVEV,515.2955,8.476,3600,3,1.315,0.078,2.871,,1,Medium,0,,,,,,,
GSP1-WT-GDP,P32835,46,50,IGVEV,515.2955,8.476,7200,3,2.024,,,,,,,,,,,,,
GSP1-WT-GDP,P32835,46,50,IGVEV,515.2955,8.4008,14400,3,2.647,0.076,2.826,,1,Medium,0,,,,,,,
GSP1-WT-GDP,P32835,46,55,IGVEVHPLSF,1096.5917,10.0564,0,7,0,0,0,n/a,1,High,0,,,,,,,
GSP1-WT-GDP,P32835,46,55,IGVEVHPLSF,1096.5917,9.8587,30,7,0.054,0.69,10.954,,1,High,0,,,,,,,
GSP1-WT-GDP,P32835,46,55,IGVEVHPLSF,1096.5917,10.2263,60,7,0.108,0.995,15.801,,1,High,0,,,,,,,
GSP1-WT-GDP,P32835,46,55,IGVEVHPLSF,1096.5917,10.6807,900,7,1.379,2.686,42.636,,1,High,0,,,,,,,
GSP1-WT-GDP,P32835,46,55,IGVEVHPLSF,1096.5917,10.2519,1800,7,2.378,2.892,45.907,,1,High,0,,,,,,,
GSP1-WT-GDP,P32835,46,55,IGVEVHPLSF,1096.5917,10.9087,3600,7,3.72,3.362,53.37,,1,High,0,,,,,,,
GSP1-WT-GDP,P32835,46,55,IGVEVHPLSF,1096.5917,10.9087,7200,7,5.164,,,,,,,,,,,,,
GSP1-WT-GDP,P32835,46,55,IGVEVHPLSF,1096.5917,10.8085,14400,7,6.301,3.585,56.903,,1,High,0,,,,,,,
GSP1-WT-GDP,P32835,48,55,VEVHPLSF,926.4862,9.4527,0,5,0,0,0,n/a,1,High,0,,,,,,,
GSP1-WT-GDP,P32835,48,55,VEVHPLSF,926.4862,9.1297,30,5,0.043,0.4,8.895,,1,High,0,,,,,,,
GSP1-WT-GDP,P32835,48,55,VEVHPLSF,926.4862,9.507,60,5,0.085,0.601,13.355,,1,High,0,,,,,,,
GSP1-WT-GDP,P32835,48,55,VEVHPLSF,926.4862,9.9877,900,5,1.061,1.024,22.766,,1,High,0,,,,,,,
GSP1-WT-GDP,P32835,48,55,VEVHPLSF,926.4862,9.5617,1800,5,1.795,1.135,25.213,,1,High,0,,,,,,,
GSP1-WT-GDP,P32835,48,55,VEVHPLSF,926.4862,10.1841,3600,5,2.73,1.379,30.643,,1,High,0,,,,,,,
GSP1-WT-GDP,P32835,48,55,VEVHPLSF,926.4862,10.1841,7200,5,3.683,,,,,,,,,,,,,
GSP1-WT-GDP,P32835,48,55,VEVHPLSF,926.4862,10.089,14400,5,4.445,1.521,33.792,,1,High,0,,,,,,,
GSP1-WT-GDP,P32835,49,55,EVHPLSF,827.4178,8.9428,0,4,0,0,0,n/a,1,High,0,,,,,,,
GSP1-WT-GDP,P32835,49,55,EVHPLSF,827.4178,8.776,30,4,0.039,0.273,7.588,,1,High,0,,,,,,,
GSP1-WT-GDP,P32835,49,55,EVHPLSF,827.4178,9.1168,60,4,0.078,0.493,13.694,,1,High,0,,,,,,,
GSP1-WT-GDP,P32835,49,55,EVHPLSF,827.4178,9.5854,900,4,0.968,0.692,19.227,,1,High,0,,,,,,,
GSP1-WT-GDP,P32835,49,55,EVHPLSF,827.4178,9.2005,1800,4,1.617,0.628,17.439,,1,High,0,,,,,,,
GSP1-WT-GDP,P32835,49,55,EVHPLSF,827.4178,9.8567,3600,4,2.405,0.64,17.777,,1,High,0,,,,,,,
GSP1-WT-GDP,P32835,49,55,EVHPLSF,827.4178,9.8567,7200,4,3.14,,,,,,,,,,,,,
GSP1-WT-GDP,P32835,49,55,EVHPLSF,827.4178,9.7267,14400,4,3.654,0.78,21.655,,1,High,0,,,,,,,
GSP1-WT-GDP,P32835,50,55,VHPLSF,698.3752,8.2268,0,3,0,0,0,n/a,1,Medium,0,,,,,,,
GSP1-WT-GDP,P32835,50,55,VHPLSF,698.3752,7.9302,30,3,0.018,-0.05,-1.868,,1,Medium,0,,,,,,,
GSP1-WT-GDP,P32835,50,55,VHPLSF,698.3752,8.2737,60,3,0.037,-0.026,-0.973,,1,Medium,0,,,,,,,
GSP1-WT-GDP,P32835,50,55,VHPLSF,698.3752,8.7261,900,3,0.497,-0.065,-2.398,,1,Medium,0,,,,,,,
GSP1-WT-GDP,P32835,50,55,VHPLSF,698.3752,8.3822,1800,3,0.897,-0.025,-0.928,,1,Medium,0,,,,,,,
GSP1-WT-GDP,P32835,50,55,VHPLSF,698.3752,9.0063,3600,3,1.484,-0.035,-1.301,,1,Medium,0,,,,,,,
GSP1-WT-GDP,P32835,50,55,VHPLSF,698.3752,9.0063,7200,3,2.146,,,,,,,,,,,,,
GSP1-WT-GDP,P32835,50,55,VHPLSF,698.3752,8.8969,14400,3,2.654,-0.049,-1.817,,1,Medium,0,,,,,,,
GSP1-WT-GDP,P32835,56,59,YTNF,543.2329,7.6104,0,2,0,0,0,n/a,1,High,0,,,,,,,
GSP1-WT-GDP,P32835,56,59,YTNF,543.2329,7.3696,30,2,0.03,0.922,51.247,,1,Medium,0,,,,,,,
GSP1-WT-GDP,P32835,56,59,YTNF,543.2329,7.7209,60,2,0.06,1.045,58.072,,1,Medium,0,,,,,,,
GSP1-WT-GDP,P32835,56,59,YTNF,543.2329,8.1983,900,2,0.705,1.098,60.984,,1,High,0,,,,,,,
GSP1-WT-GDP,P32835,56,59,YTNF,543.2329,7.8168,1800,2,1.121,1.014,56.331,,1,Medium,0,,,,,,,
GSP1-WT-GDP,P32835,56,59,YTNF,543.2329,8.4182,3600,2,1.546,1.168,64.906,,1,Medium,0,,,,,,,
GSP1-WT-GDP,P32835,56,59,YTNF,543.2329,8.4182,7200,2,1.844,,,,,,,,,,,,,
GSP1-WT-GDP,P32835,56,59,YTNF,543.2329,8.2889,14400,2,1.977,1.137,63.184,,1,High,0,,,,,,,
GSP1-WT-GDP,P32835,56,64,YTNFGEIKF,1117.5444,10.3979,0,7,0,0,0,n/a,1,High,0,,,,,,,
GSP1-WT-GDP,P32835,56,64,YTNFGEIKF,1117.5444,10.1822,30,7,0.064,1.983,31.479,,1,High,0,,,,,,,
GSP1-WT-GDP,P32835,56,64,YTNFGEIKF,1117.5444,10.597,60,7,0.128,2.093,33.224,,1,High,0,,,,,,,
GSP1-WT-GDP,P32835,56,64,YTNFGEIKF,1117.5444,10.8973,900,7,1.592,2.451,38.898,,1,High,0,,,,,,,
GSP1-WT-GDP,P32835,56,64,YTNFGEIKF,1117.5444,10.4417,1800,7,2.679,2.32,36.831,,1,High,0,,,,,,,
GSP1-WT-GDP,P32835,56,64,YTNFGEIKF,1117.5444,11.2288,3600,7,4.036,2.858,45.359,,1,High,0,,,,,,,
GSP1-WT-GDP,P32835,56,64,YTNFGEIKF,1117.5444,11.2288,7200,7,5.372,,,,,,,,,,,,,
GSP1-WT-GDP,P32835,56,64,YTNFGEIKF,1117.5444,11.074,14400,7,6.376,3.195,50.707,,1,High,0,,,,,,,
GSP1-WT-GDP,P32835,60,64,GEIKF,592.3221,8.0152,0,3,0,0,0,n/a,1,High,0,,,,,,,
GSP1-WT-GDP,P32835,60,64,GEIKF,592.3221,7.786,30,3,0.011,0.08,2.948,,1,High,0,,,,,,,
GSP1-WT-GDP,P32835,60,64,GEIKF,592.3221,8.1381,60,3,0.022,0.101,3.737,,1,High,0,,,,,,,
GSP1-WT-GDP,P32835,60,64,GEIKF,592.3221,8.5872,900,3,0.312,0.163,6.022,,1,Medium,0,,,,,,,
GSP1-WT-GDP,P32835,60,64,GEIKF,592.3221,8.113,1800,3,0.59,0.273,10.106,,1,Medium,0,,,,,,,
GSP1-WT-GDP,P32835,60,64,GEIKF,592.3221,8.8207,3600,3,1.057,0.37,13.721,,1,Medium,0,,,,,,,
GSP1-WT-GDP,P32835,60,64,GEIKF,592.3221,8.8207,7200,3,1.725,,,,,,,,,,,,,
GSP1-WT-GDP,P32835,60,64,GEIKF,592.3221,8.7029,14400,3,2.431,0.74,27.404,,1,Medium,0,,,,,,,
GSP1-WT-GDP,P32835,60,82,GEIKFDVWDTAGQEKFGGLRDGY,2587.2343,10.0513,0,21,0,0,0,n/a,1,High,0,,,,,,,
GSP1-WT-GDP,P32835,60,82,GEIKFDVWDTAGQEKFGGLRDGY,2587.2343,9.8519,30,21,0.25,5.505,29.124,,1,High,0,,,,,,,
GSP1-WT-GDP,P32835,60,82,GEIKFDVWDTAGQEKFGGLRDGY,2587.2343,10.2001,60,21,0.495,6.346,33.578,,1,High,0,,,,,,,
GSP1-WT-GDP,P32835,60,82,GEIKFDVWDTAGQEKFGGLRDGY,2587.2343,10.7118,900,21,5.92,7.087,37.496,,1,High,0,,,,,,,
GSP1-WT-GDP,P32835,60,82,GEIKFDVWDTAGQEKFGGLRDGY,2587.2343,10.2913,1800,21,9.653,6.826,36.118,,1,High,0,,,,,,,
GSP1-WT-GDP,P32835,60,82,GEIKFDVWDTAGQEKFGGLRDGY,2587.2343,10.9301,3600,21,13.946,7.945,42.035,,1,High,0,,,,,,,
GSP1-WT-GDP,P32835,60,82,GEIKFDVWDTAGQEKFGGLRDGY,2587.2343,10.9301,7200,21,17.628,,,,,,,,,,,,,
GSP1-WT-GDP,P32835,60,82,GEIKFDVWDTAGQEKFGGLRDGY,2587.2343,10.8924,14400,21,19.897,8.36,44.235,,1,High,0,,,,,,,
GSP1-WT-GDP,P32835,65,82,DVWDTAGQEKFGGLRDGY,2012.9228,9.4877,0,16,0,0,0,n/a,1,High,0,,,,,,,
GSP1-WT-GDP,P32835,65,82,DVWDTAGQEKFGGLRDGY,2012.9228,9.31,30,16,0.208,6.01,41.738,,1,Medium,0,,,,,,,
GSP1-WT-GDP,P32835,65,82,DVWDTAGQEKFGGLRDGY,2012.9228,9.5293,60,16,0.412,7.328,50.885,,1,High,0,,,,,,,
GSP1-WT-GDP,P32835,65,82,DVWDTAGQEKFGGLRDGY,2012.9228,10.0584,900,16,4.919,8.022,55.707,,1,High,0,,,,,,,
GSP1-WT-GDP,P32835,65,82,DVWDTAGQEKFGGLRDGY,2012.9228,9.5911,1800,16,8.003,7.849,54.506,,1,High,0,,,,,,,
GSP1-WT-GDP,P32835,65,82,DVWDTAGQEKFGGLRDGY,2012.9228,10.299,3600,16,11.469,8.684,60.306,,1,High,0,,,,,,,
GSP1-WT-GDP,P32835,65,82,DVWDTAGQEKFGGLRDGY,2012.9228,10.299,7200,16,14.194,,,,,,,,,,,,,
GSP1-WT-GDP,P32835,65,82,DVWDTAGQEKFGGLRDGY,2012.9228,10.2062,14400,16,15.55,8.872,61.609,,1,High,0,,,,,,,
GSP1-WT-GDP,P32835,65,83,DVWDTAGQEKFGGLRDGYY,2175.9861,9.9077,0,17,0,0,0,n/a,1,Medium,0,,,,,,,
GSP1-WT-GDP,P32835,65,83,DVWDTAGQEKFGGLRDGYY,2175.9861,9.7215,30,17,0.212,6.664,43.555,,1,Medium,0,,,,,,,
GSP1-WT-GDP,P32835,65,83,DVWDTAGQEKFGGLRDGYY,2175.9861,10.0939,60,17,0.421,7.362,48.12,,1,Medium,0,,,,,,,
GSP1-WT-GDP,P32835,65,83,DVWDTAGQEKFGGLRDGYY,2175.9861,10.6049,900,17,5.045,8.344,54.533,,1,High,0,,,,,,,
GSP1-WT-GDP,P32835,65,83,DVWDTAGQEKFGGLRDGYY,2175.9861,10.1065,1800,17,8.24,8.368,54.691,,1,Medium,0,,,,,,,
GSP1-WT-GDP,P32835,65,83,DVWDTAGQEKFGGLRDGYY,2175.9861,10.8239,3600,17,11.887,9.266,60.559,,1,Medium,0,,,,,,,
GSP1-WT-GDP,P32835,65,83,DVWDTAGQEKFGGLRDGYY,2175.9861,10.8239,7200,17,14.855,,,,,,,,,,,,,
GSP1-WT-GDP,P32835,65,83,DVWDTAGQEKFGGLRDGYY,2175.9861,10.7203,14400,17,16.435,9.33,60.982,,1,Medium,0,,,,,,,
GSP1-WT-GDP,P32835,65,86,DVWDTAGQEKFGGLRDGYYINA,2474.1503,10.0823,0,20,0,0,0,n/a,1,High,0,,,,,,,
GSP1-WT-GDP,P32835,65,86,DVWDTAGQEKFGGLRDGYYINA,2474.1503,9.751,30,20,0.24,9.174,50.968,,1,High,0,,,,,,,
GSP1-WT-GDP,P32835,65,86,DVWDTAGQEKFGGLRDGYYINA,2474.1503,10.3424,60,20,0.476,9.875,54.859,,1,High,0,,,,,,,
GSP1-WT-GDP,P32835,65,86,DVWDTAGQEKFGGLRDGYYINA,2474.1503,10.7844,900,20,5.73,11.506,63.923,,1,High,0,,,,,,,
GSP1-WT-GDP,P32835,65,86,DVWDTAGQEKFGGLRDGYYINA,2474.1503,10.3016,1800,20,9.387,11.363,63.127,,1,High,0,,,,,,,
GSP1-WT-GDP,P32835,65,86,DVWDTAGQEKFGGLRDGYYINA,2474.1503,10.9018,3600,20,13.583,12.419,68.993,,1,High,0,,,,,,,
GSP1-WT-GDP,P32835,65,86,DVWDTAGQEKFGGLRDGYYINA,2474.1503,10.9018,7200,20,17.023,,,,,,,,,,,,,
GSP1-WT-GDP,P32835,65,86,DVWDTAGQEKFGGLRDGYYINA,2474.1503,10.9249,14400,20,18.935,12.672,70.402,,1,High,0,,,,,,,
GSP1-WT-GDP,P32835,65,87,DVWDTAGQEKFGGLRDGYYINAQ,2602.2088,9.761,0,21,0,0,0,n/a,1,Medium,0,,,,,,,
GSP1-WT-GDP,P32835,65,87,DVWDTAGQEKFGGLRDGYYINAQ,2602.2088,9.4592,30,21,0.249,9.685,51.241,,1,High,0,,,,,,,
GSP1-WT-GDP,P32835,65,87,DVWDTAGQEKFGGLRDGYYINAQ,2602.2088,9.8734,60,21,0.493,10.509,55.601,,1,High,0,,,,,,,
GSP1-WT-GDP,P32835,65,87,DVWDTAGQEKFGGLRDGYYINAQ,2602.2088,10.3979,900,21,5.963,12.024,63.621,,1,High,0,,,,,,,
GSP1-WT-GDP,P32835,65,87,DVWDTAGQEKFGGLRDGYYINAQ,2602.2088,9.8944,1800,21,9.799,11.954,63.248,,1,High,0,,,,,,,
GSP1-WT-GDP,P32835,65,87,DVWDTAGQEKFGGLRDGYYINAQ,2602.2088,10.6066,3600,21,14.236,13.791,72.966,,1,High,0,,,,,,,
GSP1-WT-GDP,P32835,65,87,DVWDTAGQEKFGGLRDGYYINAQ,2602.2088,10.6066,7200,21,17.903,,,,,,,,,,,,,
GSP1-WT-GDP,P32835,65,87,DVWDTAGQEKFGGLRDGYYINAQ,2602.2088,10.5613,14400,21,19.921,13.8,73.014,,1,High,0,,,,,,,
GSP1-WT-GDP,P32835,65,88,DVWDTAGQEKFGGLRDGYYINAQC,2705.218,10.411,0,22,0,0,0,n/a,1,High,0,,,,,,,
GSP1-WT-GDP,P32835,65,88,DVWDTAGQEKFGGLRDGYYINAQC,2705.218,10.1172,30,22,0.279,9.486,47.91,,1,High,0,,,,,,,
GSP1-WT-GDP,P32835,65,88,DVWDTAGQEKFGGLRDGYYINAQC,2705.218,10.3534,60,22,0.553,10.17,51.362,,1,High,0,,,,,,,
GSP1-WT-GDP,P32835,65,88,DVWDTAGQEKFGGLRDGYYINAQC,2705.218,10.8309,900,22,6.569,11.724,59.213,,1,High,0,,,,,,,
GSP1-WT-GDP,P32835,65,88,DVWDTAGQEKFGGLRDGYYINAQC,2705.218,10.4122,1800,22,10.644,11.591,58.542,,1,High,0,,,,,,,
GSP1-WT-GDP,P32835,65,88,DVWDTAGQEKFGGLRDGYYINAQC,2705.218,11.0419,3600,22,15.212,12.695,64.116,,1,High,0,,,,,,,
GSP1-WT-GDP,P32835,65,88,DVWDTAGQEKFGGLRDGYYINAQC,2705.218,11.0419,7200,22,18.903,,,,,,,,,,,,,
GSP1-WT-GDP,P32835,65,88,DVWDTAGQEKFGGLRDGYYINAQC,2705.218,10.9941,14400,22,20.921,13.069,66.005,,1,High,0,,,,,,,
GSP1-WT-GDP,P32835,65,89,DVWDTAGQEKFGGLRDGYYINAQCA,2776.2551,10.8409,0,23,0,0,0,n/a,1,High,0,,,,,,,
GSP1-WT-GDP,P32835,65,89,DVWDTAGQEKFGGLRDGYYINAQCA,2776.2551,10.7064,30,23,0.299,9.767,47.182,,1,High,0,,,,,,,
GSP1-WT-GDP,P32835,65,89,DVWDTAGQEKFGGLRDGYYINAQCA,2776.2551,11.0056,60,23,0.592,9.991,48.268,,1,High,0,,,,,,,
GSP1-WT-GDP,P32835,65,89,DVWDTAGQEKFGGLRDGYYINAQCA,2776.2551,11.4904,900,23,7.014,11.802,57.014,,1,High,0,,,,,,,
GSP1-WT-GDP,P32835,65,89,DVWDTAGQEKFGGLRDGYYINAQCA,2776.2551,11.0103,1800,23,11.335,10.709,51.737,,1,High,0,,,,,,,
GSP1-WT-GDP,P32835,65,89,DVWDTAGQEKFGGLRDGYYINAQCA,2776.2551,11.7898,3600,23,16.117,12.806,61.867,,1,High,0,,,,,,,
GSP1-WT-GDP,P32835,65,89,DVWDTAGQEKFGGLRDGYYINAQCA,2776.2551,11.7898,7200,23,19.894,,,,,,,,,,,,,
GSP1-WT-GDP,P32835,65,89,DVWDTAGQEKFGGLRDGYYINAQCA,2776.2551,11.738,14400,23,21.921,12.72,61.449,,1,High,0,,,,,,,
GSP1-WT-GDP,P32835,68,86,DTAGQEKFGGLRDGYYINA,2073.9756,8.6376,0,17,0,0,0,n/a,1,High,0,,,,,,,
GSP1-WT-GDP,P32835,68,86,DTAGQEKFGGLRDGYYINA,2073.9756,8.3204,30,17,0.202,8.74,57.126,,1,Medium,0,,,,,,,
GSP1-WT-GDP,P32835,68,86,DTAGQEKFGGLRDGYYINA,2073.9756,8.7322,60,17,0.401,8.799,57.512,,1,Medium,0,,,,,,,
GSP1-WT-GDP,P32835,68,86,DTAGQEKFGGLRDGYYINA,2073.9756,9.1601,900,17,4.825,9.837,64.294,,1,Medium,0,,,,,,,
GSP1-WT-GDP,P32835,68,86,DTAGQEKFGGLRDGYYINA,2073.9756,8.7667,1800,17,7.913,9.553,62.437,,1,Medium,0,,,,,,,
GSP1-WT-GDP,P32835,68,86,DTAGQEKFGGLRDGYYINA,2073.9756,9.4211,3600,17,11.499,10.56,69.019,,1,Medium,0,,,,,,,
GSP1-WT-GDP,P32835,68,86,DTAGQEKFGGLRDGYYINA,2073.9756,9.4211,7200,17,14.494,,,,,,,,,,,,,
GSP1-WT-GDP,P32835,68,86,DTAGQEKFGGLRDGYYINA,2073.9756,9.3159,14400,17,16.127,10.724,70.09,,1,Medium,0,,,,,,,
GSP1-WT-GDP,P32835,68,88,DTAGQEKFGGLRDGYYINAQC,2305.0433,8.6807,0,19,0,0,0,n/a,1,Medium,0,,,,,,,
GSP1-WT-GDP,P32835,68,88,DTAGQEKFGGLRDGYYINAQC,2305.0433,8.4121,30,19,0.242,7.164,41.895,,1,Medium,0,,,,,,,
GSP1-WT-GDP,P32835,68,88,DTAGQEKFGGLRDGYYINAQC,2305.0433,8.8196,60,19,0.479,7.479,43.735,,1,Medium,0,,,,,,,
GSP1-WT-GDP,P32835,68,88,DTAGQEKFGGLRDGYYINAQC,2305.0433,9.2328,900,19,5.665,8.368,48.936,,1,Medium,0,,,,,,,
GSP1-WT-GDP,P32835,68,88,DTAGQEKFGGLRDGYYINAQC,2305.0433,8.8687,1800,19,9.17,8.119,47.479,,1,Medium,0,,,,,,,
GSP1-WT-GDP,P32835,68,88,DTAGQEKFGGLRDGYYINAQC,2305.0433,0,3600,19,13.128,,,,,,,,,,,,,
GSP1-WT-GDP,P32835,68,88,DTAGQEKFGGLRDGYYINAQC,2305.0433,0,7200,19,16.373,,,,,,,,,,,,,
GSP1-WT-GDP,P32835,68,88,DTAGQEKFGGLRDGYYINAQC,2305.0433,9.4069,14400,19,18.112,8.225,48.098,,1,Medium,0,,,,,,,
GSP1-WT-GDP,P32835,68,89,DTAGQEKFGGLRDGYYINAQCA,2376.0805,8.7049,0,20,0,0,0,n/a,1,Medium,0,,,,,,,
GSP1-WT-GDP,P32835,68,89,DTAGQEKFGGLRDGYYINAQCA,2376.0805,8.408,30,20,0.261,8.238,45.769,,1,Medium,0,,,,,,,
GSP1-WT-GDP,P32835,68,89,DTAGQEKFGGLRDGYYINAQCA,2376.0805,8.8009,60,20,0.517,9.256,51.425,,1,Medium,0,,,,,,,
GSP1-WT-GDP,P32835,68,89,DTAGQEKFGGLRDGYYINAQCA,2376.0805,9.2367,900,20,6.109,10.13,56.277,,1,Medium,0,,,,,,,
GSP1-WT-GDP,P32835,68,89,DTAGQEKFGGLRDGYYINAQCA,2376.0805,8.9009,1800,20,9.861,9.895,54.972,,1,Medium,0,,,,,,,
GSP1-WT-GDP,P32835,68,89,DTAGQEKFGGLRDGYYINAQCA,2376.0805,9.5007,3600,20,14.033,10.885,60.475,,1,Medium,0,,,,,,,
GSP1-WT-GDP,P32835,68,89,DTAGQEKFGGLRDGYYINAQCA,2376.0805,9.5007,7200,20,17.364,,,,,,,,,,,,,
GSP1-WT-GDP,P32835,68,89,DTAGQEKFGGLRDGYYINAQCA,2376.0805,9.4242,14400,20,19.112,11.249,62.496,,1,Medium,0,,,,,,,
GSP1-WT-GDP,P32835,83,86,YINA,479.238,5.6555,0,2,0,0,0,n/a,1,Medium,0,,,,,,,
GSP1-WT-GDP,P32835,83,86,YINA,479.238,5.4627,30,2,0.026,0.448,24.874,,1,Medium,0,,,,,,,
GSP1-WT-GDP,P32835,83,86,YINA,479.238,5.8029,60,2,0.052,0.628,34.906,,1,Medium,0,,,,,,,
GSP1-WT-GDP,P32835,83,86,YINA,479.238,6.098,900,2,0.64,0.631,35.083,,1,Medium,0,,,,,,,
GSP1-WT-GDP,P32835,83,86,YINA,479.238,5.8002,1800,2,1.061,0.639,35.487,,1,Medium,0,,,,,,,
GSP1-WT-GDP,P32835,83,86,YINA,479.238,6.2236,3600,2,1.53,0.838,46.543,,1,Medium,0,,,,,,,
GSP1-WT-GDP,P32835,83,86,YINA,479.238,6.2236,7200,2,1.865,,,,,,,,,,,,,
GSP1-WT-GDP,P32835,83,86,YINA,479.238,6.1613,14400,2,1.985,1.236,68.65,,1,Medium,0,,,,,,,
GSP1-WT-GDP,P32835,83,88,YINAQC,710.3058,6.1246,0,4,0,0,0,n/a,1,Medium,0,,,,,,,
GSP1-WT-GDP,P32835,83,88,YINAQC,710.3058,0,30,4,0.066,,,,,,,,,,,,,
GSP1-WT-GDP,P32835,83,88,YINAQC,710.3058,0,60,4,0.13,,,,,,,,,,,,,
GSP1-WT-GDP,P32835,83,88,YINAQC,710.3058,0,900,4,1.48,,,,,,,,,,,,,
GSP1-WT-GDP,P32835,83,88,YINAQC,710.3058,0,1800,4,2.317,,,,,,,,,,,,,
GSP1-WT-GDP,P32835,83,88,YINAQC,710.3058,6.1286,3600,4,3.16,0.694,17.339,,1,Medium,0,,,,,,,
GSP1-WT-GDP,P32835,83,88,YINAQC,710.3058,6.1286,7200,4,3.744,,,,,,,,,,,,,
GSP1-WT-GDP,P32835,83,88,YINAQC,710.3058,0,14400,4,3.971,,,,,,,,,,,,,
GSP1-WT-GDP,P32835,83,89,YINAQCA,781.3429,6.1683,0,5,0,0,0,n/a,1,Medium,0,,,,,,,
GSP1-WT-GDP,P32835,83,89,YINAQCA,781.3429,5.9694,30,5,0.085,1.199,26.635,,1,Medium,0,,,,,,,
GSP1-WT-GDP,P32835,83,89,YINAQCA,781.3429,6.2638,60,5,0.168,1.239,27.534,,1,Medium,0,,,,,,,
GSP1-WT-GDP,P32835,83,89,YINAQCA,781.3429,6.6428,900,5,1.924,1.189,26.422,,1,Medium,0,,,,,,,
GSP1-WT-GDP,P32835,83,89,YINAQCA,781.3429,6.3435,1800,5,3.009,1.041,23.134,,1,Medium,0,,,,,,,
GSP1-WT-GDP,P32835,83,89,YINAQCA,781.3429,6.8033,3600,5,4.065,1.342,29.825,,1,Medium,0,,,,,,,
GSP1-WT-GDP,P32835,83,89,YINAQCA,781.3429,6.8033,7200,5,4.735,,,,,,,,,,,,,
GSP1-WT-GDP,P32835,83,89,YINAQCA,781.3429,6.7386,14400,5,4.971,1.536,34.144,,1,Medium,0,,,,,,,
GSP1-WT-GDP,P32835,84,89,INAQCA,618.2795,0,0,4,0,0,0,n/a,1,High,0,,,,,,,
GSP1-WT-GDP,P32835,84,89,INAQCA,618.2795,0,30,4,0.076,,,,,,,,,,,,,
GSP1-WT-GDP,P32835,84,89,INAQCA,618.2795,0,60,4,0.151,,,,,,,,,,,,,
GSP1-WT-GDP,P32835,84,89,INAQCA,618.2795,0,900,4,1.691,,,,,,,,,,,,,
GSP1-WT-GDP,P32835,84,89,INAQCA,618.2795,0,1800,4,2.597,,,,,,,,,,,,,
GSP1-WT-GDP,P32835,84,89,INAQCA,618.2795,0,3600,4,3.411,,,,,,,,,,,,,
GSP1-WT-GDP,P32835,84,89,INAQCA,618.2795,0,7200,4,3.855,,,,,,,,,,,,,
GSP1-WT-GDP,P32835,84,89,INAQCA,618.2795,0,14400,4,3.985,,,,,,,,,,,,,
GSP1-WT-GDP,P32835,88,92,CAIIM,549.2655,9.1451,0,3,0,0,0,n/a,1,Medium,0,,,,,,,
GSP1-WT-GDP,P32835,88,92,CAIIM,549.2655,0,30,3,0.006,,,,,,,,,,,,,
GSP1-WT-GDP,P32835,88,92,CAIIM,549.2655,9.2826,60,3,0.012,0.015,0.553,,1,Medium,0,,,,,,,
GSP1-WT-GDP,P32835,88,92,CAIIM,549.2655,9.6947,900,3,0.18,-0.007,-0.246,,1,Medium,0,,,,,,,
GSP1-WT-GDP,P32835,88,92,CAIIM,549.2655,9.3237,1800,3,0.347,-0.001,-0.026,,1,Medium,0,,,,,,,
GSP1-WT-GDP,P32835,88,92,CAIIM,549.2655,8.8611,3600,3,0.646,2.232,82.66,,1,Medium,0,,,,,,,
GSP1-WT-GDP,P32835,88,92,CAIIM,549.2655,8.8611,7200,3,1.127,,,,,,,,,,,,,
GSP1-WT-GDP,P32835,88,92,CAIIM,549.2655,8.7762,14400,3,1.766,2.199,81.444,,1,Medium,0,,,,,,,
GSP1-WT-GDP,P32835,88,93,CAIIMF,696.3339,12.271,0,4,0,0,0,n/a,1,High,0,,,,,,,
GSP1-WT-GDP,P32835,88,93,CAIIMF,696.3339,11.3242,30,4,0.011,2.274,63.166,,1,Medium,0,,,,,,,
GSP1-WT-GDP,P32835,88,93,CAIIMF,696.3339,11.7269,60,4,0.023,2.197,61.031,,1,Medium,0,,,,,,,
GSP1-WT-GDP,P32835,88,93,CAIIMF,696.3339,12.2713,900,4,0.321,2.281,63.37,,1,Medium,0,,,,,,,
GSP1-WT-GDP,P32835,88,93,CAIIMF,696.3339,11.7508,1800,4,0.609,2.212,61.447,,1,Medium,0,,,,,,,
GSP1-WT-GDP,P32835,88,93,CAIIMF,696.3339,12.5703,3600,4,1.102,2.239,62.195,,1,Medium,0,,,,,,,
GSP1-WT-GDP,P32835,88,93,CAIIMF,696.3339,12.5703,7200,4,1.831,,,,,,,,,,,,,
GSP1-WT-GDP,P32835,88,93,CAIIMF,696.3339,12.4023,14400,4,2.678,2.203,61.183,,1,Medium,0,,,,,,,
GSP1-WT-GDP,P32835,89,92,AIIM,446.2563,8.4379,0,2,0,0,0,n/a,1,High,0,,,,,,,
GSP1-WT-GDP,P32835,89,92,AIIM,446.2563,8.2249,30,2,0.004,0.028,1.558,,1,High,0,,,,,,,
GSP1-WT-GDP,P32835,89,92,AIIM,446.2563,8.5852,60,2,0.008,0.061,3.376,,1,High,0,,,,,,,
GSP1-WT-GDP,P32835,89,92,AIIM,446.2563,9.0068,900,2,0.117,0.043,2.408,,1,High,0,,,,,,,
GSP1-WT-GDP,P32835,89,92,AIIM,446.2563,8.6185,1800,2,0.224,0.035,1.939,,1,High,0,,,,,,,
GSP1-WT-GDP,P32835,89,92,AIIM,446.2563,9.1836,3600,2,0.415,0.022,1.206,,1,High,0,,,,,,,
GSP1-WT-GDP,P32835,89,92,AIIM,446.2563,9.1836,7200,2,0.719,,,,,,,,,,,,,
GSP1-WT-GDP,P32835,89,92,AIIM,446.2563,9.1147,14400,2,1.117,0.046,2.567,,1,High,0,,,,,,,
GSP1-WT-GDP,P32835,89,93,AIIMF,593.3247,11.8425,0,3,0,0,0,n/a,1,High,0,,,,,,,
GSP1-WT-GDP,P32835,89,93,AIIMF,593.3247,11.7396,30,3,0.009,0.048,1.792,,1,Medium,0,,,,,,,
GSP1-WT-GDP,P32835,89,93,AIIMF,593.3247,11.9767,60,3,0.018,0.103,3.823,,1,High,0,,,,,,,
GSP1-WT-GDP,P32835,89,93,AIIMF,593.3247,12.5668,900,3,0.258,0.073,2.7,,1,Medium,0,,,,,,,
GSP1-WT-GDP,P32835,89,93,AIIMF,593.3247,11.9986,1800,3,0.487,0.083,3.078,,1,Medium,0,,,,,,,
GSP1-WT-GDP,P32835,89,93,AIIMF,593.3247,0,3600,3,0.871,,,,,,,,,,,,,
GSP1-WT-GDP,P32835,89,93,AIIMF,593.3247,0,7200,3,1.423,,,,,,,,,,,,,
GSP1-WT-GDP,P32835,89,93,AIIMF,593.3247,12.6688,14400,3,2.029,0.079,2.925,,1,Medium,0,,,,,,,
GSP1-WT-GDP,P32835,90,93,IIMF,522.2876,11.6634,0,2,0,0,0,n/a,1,High,0,,,,,,,
GSP1-WT-GDP,P32835,90,93,IIMF,522.2876,11.5518,30,2,0.008,0.017,0.92,,1,Medium,0,,,,,,,
GSP1-WT-GDP,P32835,90,93,IIMF,522.2876,11.7755,60,2,0.016,0.075,4.167,,1,Medium,0,,,,,,,
GSP1-WT-GDP,P32835,90,93,IIMF,522.2876,12.2798,900,2,0.233,0.055,3.052,,1,Medium,0,,,,,,,
GSP1-WT-GDP,P32835,90,93,IIMF,522.2876,11.7833,1800,2,0.438,0.064,3.551,,1,Medium,0,,,,,,,
GSP1-WT-GDP,P32835,90,93,IIMF,522.2876,12.5746,3600,2,0.776,0.051,2.831,,1,Medium,0,,,,,,,
GSP1-WT-GDP,P32835,90,93,IIMF,522.2876,12.5746,7200,2,1.242,,,,,,,,,,,,,
GSP1-WT-GDP,P32835,90,93,IIMF,522.2876,12.4575,14400,2,1.699,0.058,3.238,,1,Medium,0,,,,,,,
GSP1-WT-GDP,P32835,93,96,FDVT,480.222,6.7358,0,2,0,0,0,n/a,1,Medium,0,,,,,,,
GSP1-WT-GDP,P32835,93,96,FDVT,480.222,6.5083,30,2,0.009,0.068,3.4,,1,Medium,0,,,,,,,
GSP1-WT-GDP,P32835,93,96,FDVT,480.222,6.9301,60,2,0.018,0.539,26.942,,1,Medium,0,,,,,,,
GSP1-WT-GDP,P32835,93,96,FDVT,480.222,7.2855,900,2,0.248,0.339,16.94,,1,Medium,0,,,,,,,
GSP1-WT-GDP,P32835,93,96,FDVT,480.222,6.9961,1800,2,0.464,0.405,20.274,,1,Medium,0,,,,,,,
GSP1-WT-GDP,P32835,93,96,FDVT,480.222,7.4515,3600,2,0.818,0.184,9.195,,1,Medium,0,,,,,,,
GSP1-WT-GDP,P32835,93,96,FDVT,480.222,7.4515,7200,2,1.295,,,,,,,,,,,,,
GSP1-WT-GDP,P32835,93,96,FDVT,480.222,7.3314,14400,2,1.744,0.438,21.875,,1,Medium,0,,,,,,,
GSP1-WT-GDP,P32835,93,101,FDVTSRITY,1100.5502,0,0,7,0,0,0,n/a,1,High,0,,,,,,,
GSP1-WT-GDP,P32835,93,101,FDVTSRITY,1100.5502,0,30,7,0.048,,,,,,,,,,,,,
GSP1-WT-GDP,P32835,93,101,FDVTSRITY,1100.5502,0,60,7,0.096,,,,,,,,,,,,,
GSP1-WT-GDP,P32835,93,101,FDVTSRITY,1100.5502,0,900,7,1.242,,,,,,,,,,,,,
GSP1-WT-GDP,P32835,93,101,FDVTSRITY,1100.5502,0,1800,7,2.162,,,,,,,,,,,,,
GSP1-WT-GDP,P32835,93,101,FDVTSRITY,1100.5502,0,3600,7,3.416,,,,,,,,,,,,,
GSP1-WT-GDP,P32835,93,101,FDVTSRITY,1100.5502,0,7200,7,4.8,,,,,,,,,,,,,
GSP1-WT-GDP,P32835,93,101,FDVTSRITY,1100.5502,0,14400,7,6.008,,,,,,,,,,,,,
GSP1-WT-GDP,P32835,93,111,FDVTSRITYKNVPNWHRDL,2360.2026,8.4174,0,16,0,0,0,n/a,1,Medium,0,,,,,,,
GSP1-WT-GDP,P32835,93,111,FDVTSRITYKNVPNWHRDL,2360.2026,8.1574,30,16,0.195,1.764,12.253,,1,Medium,0,,,,,,,
GSP1-WT-GDP,P32835,93,111,FDVTSRITYKNVPNWHRDL,2360.2026,7.5832,60,16,0.386,15.559,108.051,,1,Medium,0,,,,,,,
GSP1-WT-GDP,P32835,93,111,FDVTSRITYKNVPNWHRDL,2360.2026,7.9644,900,16,4.408,15.51,107.708,,1,Medium,0,,,,,,,
GSP1-WT-GDP,P32835,93,111,FDVTSRITYKNVPNWHRDL,2360.2026,7.6339,1800,16,6.983,15.401,106.949,,1,Medium,0,,,,,,,
GSP1-WT-GDP,P32835,93,111,FDVTSRITYKNVPNWHRDL,2360.2026,8.1614,3600,16,9.89,14.925,103.644,,1,Medium,0,,,,,,,
GSP1-WT-GDP,P32835,93,111,FDVTSRITYKNVPNWHRDL,2360.2026,8.1614,7200,16,12.622,,,,,,,,,,,,,
GSP1-WT-GDP,P32835,93,111,FDVTSRITYKNVPNWHRDL,2360.2026,8.0783,14400,16,14.667,15.335,106.494,,1,Medium,0,,,,,,,
GSP1-WT-GDP,P32835,93,114,FDVTSRITYKNVPNWHRDLVRV,2714.4405,8.5913,0,19,0,0,0,n/a,1,Medium,0,,,,,,,
GSP1-WT-GDP,P32835,93,114,FDVTSRITYKNVPNWHRDLVRV,2714.4405,8.1133,30,19,0.205,2.389,13.973,,1,High,0,,,,,,,
GSP1-WT-GDP,P32835,93,114,FDVTSRITYKNVPNWHRDLVRV,2714.4405,8.8567,60,19,0.406,2.743,16.04,,1,Medium,0,,,,,,,
GSP1-WT-GDP,P32835,93,114,FDVTSRITYKNVPNWHRDLVRV,2714.4405,8.9277,900,19,4.683,4.714,27.57,,1,High,0,,,,,,,
GSP1-WT-GDP,P32835,93,114,FDVTSRITYKNVPNWHRDLVRV,2714.4405,8.5624,1800,19,7.504,4.897,28.635,,1,High,0,,,,,,,
GSP1-WT-GDP,P32835,93,114,FDVTSRITYKNVPNWHRDLVRV,2714.4405,9.1638,3600,19,10.828,5.474,32.01,,1,High,0,,,,,,,
GSP1-WT-GDP,P32835,93,114,FDVTSRITYKNVPNWHRDLVRV,2714.4405,9.1638,7200,19,14.167,,,,,,,,,,,,,
GSP1-WT-GDP,P32835,93,114,FDVTSRITYKNVPNWHRDLVRV,2714.4405,9.0438,14400,19,16.898,6.199,36.252,,1,High,0,,,,,,,
GSP1-WT-GDP,P32835,93,114,FDVTSRITYKNVPNWHRDLVRV,2714.4405,11.5716,0,19,0,0,0,n/a,1,Medium,0,,,,,,,
GSP1-WT-GDP,P32835,93,114,FDVTSRITYKNVPNWHRDLVRV,2714.4405,11.3147,30,19,0.205,3.558,20.806,,1,Medium,0,,,,,,,
GSP1-WT-GDP,P32835,93,114,FDVTSRITYKNVPNWHRDLVRV,2714.4405,11.6563,60,19,0.406,3.11,18.185,,1,Medium,0,,,,,,,
GSP1-WT-GDP,P32835,93,114,FDVTSRITYKNVPNWHRDLVRV,2714.4405,0,900,19,4.683,,,,,,,,,,,,,
GSP1-WT-GDP,P32835,93,114,FDVTSRITYKNVPNWHRDLVRV,2714.4405,11.5322,1800,19,7.504,6.97,40.762,,1,Medium,0,,,,,,,
GSP1-WT-GDP,P32835,93,114,FDVTSRITYKNVPNWHRDLVRV,2714.4405,0,3600,19,10.828,,,,,,,,,,,,,
GSP1-WT-GDP,P32835,93,114,FDVTSRITYKNVPNWHRDLVRV,2714.4405,0,7200,19,14.167,,,,,,,,,,,,,
GSP1-WT-GDP,P32835,93,114,FDVTSRITYKNVPNWHRDLVRV,2714.4405,0,14400,19,16.898,,,,,,,,,,,,,
GSP1-WT-GDP,P32835,93,116,FDVTSRITYKNVPNWHRDLVRVCE,2946.4923,8.7727,0,21,0,0,0,n/a,1,Medium,0,,,,,,,
GSP1-WT-GDP,P32835,93,116,FDVTSRITYKNVPNWHRDLVRVCE,2946.4923,0,30,21,0.248,,,,,,,,,,,,,
GSP1-WT-GDP,P32835,93,116,FDVTSRITYKNVPNWHRDLVRVCE,2946.4923,0,60,21,0.49,,,,,,,,,,,,,
GSP1-WT-GDP,P32835,93,116,FDVTSRITYKNVPNWHRDLVRVCE,2946.4923,0,900,21,5.616,,,,,,,,,,,,,
GSP1-WT-GDP,P32835,93,116,FDVTSRITYKNVPNWHRDLVRVCE,2946.4923,6.7823,1800,21,8.913,0.151,0.718,,1,Medium,0,,,,,,,
GSP1-WT-GDP,P32835,93,116,FDVTSRITYKNVPNWHRDLVRVCE,2946.4923,0,3600,21,12.629,,,,,,,,,,,,,
GSP1-WT-GDP,P32835,93,116,FDVTSRITYKNVPNWHRDLVRVCE,2946.4923,0,7200,21,16.139,,,,,,,,,,,,,
GSP1-WT-GDP,P32835,93,116,FDVTSRITYKNVPNWHRDLVRVCE,2946.4923,7.1761,14400,21,18.897,0.724,3.446,,1,Medium,0,,,,,,,
GSP1-WT-GDP,P32835,93,117,FDVTSRITYKNVPNWHRDLVRVCEN,3060.5352,0,0,22,0,0,0,n/a,1,High,0,,,,,,,
GSP1-WT-GDP,P32835,93,117,FDVTSRITYKNVPNWHRDLVRVCEN,3060.5352,0,30,22,0.282,,,,,,,,,,,,,
GSP1-WT-GDP,P32835,93,117,FDVTSRITYKNVPNWHRDLVRVCEN,3060.5352,0,60,22,0.558,,,,,,,,,,,,,
GSP1-WT-GDP,P32835,93,117,FDVTSRITYKNVPNWHRDLVRVCEN,3060.5352,0,900,22,6.266,,,,,,,,,,,,,
GSP1-WT-GDP,P32835,93,117,FDVTSRITYKNVPNWHRDLVRVCEN,3060.5352,0,1800,22,9.791,,,,,,,,,,,,,
GSP1-WT-GDP,P32835,93,117,FDVTSRITYKNVPNWHRDLVRVCEN,3060.5352,0,3600,22,13.614,,,,,,,,,,,,,
GSP1-WT-GDP,P32835,93,117,FDVTSRITYKNVPNWHRDLVRVCEN,3060.5352,0,7200,22,17.138,,,,,,,,,,,,,
GSP1-WT-GDP,P32835,93,117,FDVTSRITYKNVPNWHRDLVRVCEN,3060.5352,0,14400,22,19.897,,,,,,,,,,,,,
GSP1-WT-GDP,P32835,94,111,DVTSRITYKNVPNWHRDL,2213.1341,0,0,15,0,0,0,n/a,1,High,0,,,,,,,
GSP1-WT-GDP,P32835,94,111,DVTSRITYKNVPNWHRDL,2213.1341,0,30,15,0.19,,,,,,,,,,,,,
GSP1-WT-GDP,P32835,94,111,DVTSRITYKNVPNWHRDL,2213.1341,0,60,15,0.376,,,,,,,,,,,,,
GSP1-WT-GDP,P32835,94,111,DVTSRITYKNVPNWHRDL,2213.1341,0,900,15,4.264,,,,,,,,,,,,,
GSP1-WT-GDP,P32835,94,111,DVTSRITYKNVPNWHRDL,2213.1341,0,1800,15,6.716,,,,,,,,,,,,,
GSP1-WT-GDP,P32835,94,111,DVTSRITYKNVPNWHRDL,2213.1341,0,3600,15,9.428,,,,,,,,,,,,,
GSP1-WT-GDP,P32835,94,111,DVTSRITYKNVPNWHRDL,2213.1341,0,7200,15,11.912,,,,,,,,,,,,,
GSP1-WT-GDP,P32835,94,111,DVTSRITYKNVPNWHRDL,2213.1341,0,14400,15,13.75,,,,,,,,,,,,,
GSP1-WT-GDP,P32835,94,114,DVTSRITYKNVPNWHRDLVRV,2567.3721,7.904,0,18,0,0,0,n/a,1,Medium,0,,,,,,,
GSP1-WT-GDP,P32835,94,114,DVTSRITYKNVPNWHRDLVRV,2567.3721,7.6216,30,18,0.2,1.286,7.936,,1,Medium,0,,,,,,,
GSP1-WT-GDP,P32835,94,114,DVTSRITYKNVPNWHRDLVRV,2567.3721,7.966,60,18,0.396,1.975,12.191,,1,Medium,0,,,,,,,
GSP1-WT-GDP,P32835,94,114,DVTSRITYKNVPNWHRDLVRV,2567.3721,8.4483,900,18,4.539,4.441,27.412,,1,Medium,0,,,,,,,
GSP1-WT-GDP,P32835,94,114,DVTSRITYKNVPNWHRDLVRV,2567.3721,8.0031,1800,18,7.237,4.606,28.434,,1,Medium,0,,,,,,,
GSP1-WT-GDP,P32835,94,114,DVTSRITYKNVPNWHRDLVRV,2567.3721,8.603,3600,18,10.365,5.778,35.667,,1,Medium,0,,,,,,,
GSP1-WT-GDP,P32835,94,114,DVTSRITYKNVPNWHRDLVRV,2567.3721,8.603,7200,18,13.456,,,,,,,,,,,,,
GSP1-WT-GDP,P32835,94,114,DVTSRITYKNVPNWHRDLVRV,2567.3721,8.5452,14400,18,15.981,5.484,33.853,,1,Medium,0,,,,,,,
GSP1-WT-GDP,P32835,94,117,DVTSRITYKNVPNWHRDLVRVCEN,2913.4668,8.3145,0,21,0,0,0,n/a,1,Medium,0,,,,,,,
GSP1-WT-GDP,P32835,94,117,DVTSRITYKNVPNWHRDLVRVCEN,2913.4668,0,30,21,0.277,,,,,,,,,,,,,
GSP1-WT-GDP,P32835,94,117,DVTSRITYKNVPNWHRDLVRVCEN,2913.4668,7.637,60,21,0.548,14.663,69.823,,1,Medium,0,,,,,,,
GSP1-WT-GDP,P32835,94,117,DVTSRITYKNVPNWHRDLVRVCEN,2913.4668,0,900,21,6.123,,,,,,,,,,,,,
GSP1-WT-GDP,P32835,94,117,DVTSRITYKNVPNWHRDLVRVCEN,2913.4668,0,1800,21,9.524,,,,,,,,,,,,,
GSP1-WT-GDP,P32835,94,117,DVTSRITYKNVPNWHRDLVRVCEN,2913.4668,0,3600,21,13.151,,,,,,,,,,,,,
GSP1-WT-GDP,P32835,94,117,DVTSRITYKNVPNWHRDLVRVCEN,2913.4668,0,7200,21,16.428,,,,,,,,,,,,,
GSP1-WT-GDP,P32835,94,117,DVTSRITYKNVPNWHRDLVRVCEN,2913.4668,0,14400,21,18.98,,,,,,,,,,,,,
GSP1-WT-GDP,P32835,94,118,DVTSRITYKNVPNWHRDLVRVCENI,3026.5509,0,0,22,0,0,0,n/a,1,High,0,,,,,,,
GSP1-WT-GDP,P32835,94,118,DVTSRITYKNVPNWHRDLVRVCENI,3026.5509,0,30,22,0.28,,,,,,,,,,,,,
GSP1-WT-GDP,P32835,94,118,DVTSRITYKNVPNWHRDLVRVCENI,3026.5509,0,60,22,0.553,,,,,,,,,,,,,
GSP1-WT-GDP,P32835,94,118,DVTSRITYKNVPNWHRDLVRVCENI,3026.5509,0,900,22,6.201,,,,,,,,,,,,,
GSP1-WT-GDP,P32835,94,118,DVTSRITYKNVPNWHRDLVRVCENI,3026.5509,0,1800,22,9.675,,,,,,,,,,,,,
GSP1-WT-GDP,P32835,94,118,DVTSRITYKNVPNWHRDLVRVCENI,3026.5509,0,3600,22,13.431,,,,,,,,,,,,,
GSP1-WT-GDP,P32835,94,118,DVTSRITYKNVPNWHRDLVRVCENI,3026.5509,0,7200,22,16.909,,,,,,,,,,,,,
GSP1-WT-GDP,P32835,94,118,DVTSRITYKNVPNWHRDLVRVCENI,3026.5509,0,14400,22,19.711,,,,,,,,,,,,,
GSP1-WT-GDP,P32835,97,114,SRITYKNVPNWHRDLVRV,2252.2291,7.2042,0,15,0,0,0,n/a,1,Medium,0,,,,,,,
GSP1-WT-GDP,P32835,97,114,SRITYKNVPNWHRDLVRV,2252.2291,7.0303,30,15,0.167,1.04,7.702,,1,High,0,,,,,,,
GSP1-WT-GDP,P32835,97,114,SRITYKNVPNWHRDLVRV,2252.2291,0,60,15,0.33,,,,,,,,,,,,,
GSP1-WT-GDP,P32835,97,114,SRITYKNVPNWHRDLVRV,2252.2291,7.7634,900,15,3.723,3.211,23.785,,1,Medium,0,,,,,,,
GSP1-WT-GDP,P32835,97,114,SRITYKNVPNWHRDLVRV,2252.2291,7.3196,1800,15,5.876,3.167,23.459,,1,Medium,0,,,,,,,
GSP1-WT-GDP,P32835,97,114,SRITYKNVPNWHRDLVRV,2252.2291,0,3600,15,8.371,,,,,,,,,,,,,
GSP1-WT-GDP,P32835,97,114,SRITYKNVPNWHRDLVRV,2252.2291,0,7200,15,10.945,,,,,,,,,,,,,
GSP1-WT-GDP,P32835,97,114,SRITYKNVPNWHRDLVRV,2252.2291,7.868,14400,15,13.158,4.309,31.918,,1,Medium,0,,,,,,,
GSP1-WT-GDP,P32835,98,122,RITYKNVPNWHRDLVRVCENIPIVL,3046.6651,10.7203,0,21,0,0,0,n/a,1,Medium,0,,,,,,,
GSP1-WT-GDP,P32835,98,122,RITYKNVPNWHRDLVRVCENIPIVL,3046.6651,10.5115,30,21,0.249,3.298,15.706,,1,Medium,0,,,,,,,
GSP1-WT-GDP,P32835,98,122,RITYKNVPNWHRDLVRVCENIPIVL,3046.6651,0,60,21,0.493,,,,,,,,,,,,,
GSP1-WT-GDP,P32835,98,122,RITYKNVPNWHRDLVRVCENIPIVL,3046.6651,11.3219,900,21,5.464,6.713,31.965,,1,Medium,0,,,,,,,
GSP1-WT-GDP,P32835,98,122,RITYKNVPNWHRDLVRVCENIPIVL,3046.6651,10.6811,1800,21,8.469,12.022,57.247,,1,Medium,0,,,,,,,
GSP1-WT-GDP,P32835,98,122,RITYKNVPNWHRDLVRVCENIPIVL,3046.6651,11.6282,3600,21,11.732,7.975,37.974,,1,Medium,0,,,,,,,
GSP1-WT-GDP,P32835,98,122,RITYKNVPNWHRDLVRVCENIPIVL,3046.6651,11.6282,7200,21,14.938,,,,,,,,,,,,,
GSP1-WT-GDP,P32835,98,122,RITYKNVPNWHRDLVRVCENIPIVL,3046.6651,11.4885,14400,21,17.807,8.327,39.651,,1,Medium,0,,,,,,,
GSP1-WT-GDP,P32835,102,122,KNVPNWHRDLVRVCENIPIVL,2513.3689,0,0,17,0,0,0,n/a,1,High,0,,,,,,,
GSP1-WT-GDP,P32835,102,122,KNVPNWHRDLVRVCENIPIVL,2513.3689,0,30,17,0.216,,,,,,,,,,,,,
GSP1-WT-GDP,P32835,102,122,KNVPNWHRDLVRVCENIPIVL,2513.3689,0,60,17,0.427,,,,,,,,,,,,,
GSP1-WT-GDP,P32835,102,122,KNVPNWHRDLVRVCENIPIVL,2513.3689,0,900,17,4.635,,,,,,,,,,,,,
GSP1-WT-GDP,P32835,102,122,KNVPNWHRDLVRVCENIPIVL,2513.3689,0,1800,17,7.062,,,,,,,,,,,,,
GSP1-WT-GDP,P32835,102,122,KNVPNWHRDLVRVCENIPIVL,2513.3689,0,3600,17,9.579,,,,,,,,,,,,,
GSP1-WT-GDP,P32835,102,122,KNVPNWHRDLVRVCENIPIVL,2513.3689,0,7200,17,11.999,,,,,,,,,,,,,
GSP1-WT-GDP,P32835,102,122,KNVPNWHRDLVRVCENIPIVL,2513.3689,0,14400,17,14.221,,,,,,,,,,,,,
GSP1-WT-GDP,P32835,108,122,HRDLVRVCENIPIVL,1774.9876,9.8732,0,12,0,0,0,n/a,1,High,0,,,,,,,
GSP1-WT-GDP,P32835,108,122,HRDLVRVCENIPIVL,1774.9876,9.6388,30,12,0.138,2.613,21.778,,1,Medium,0,,,,,,,
GSP1-WT-GDP,P32835,108,122,HRDLVRVCENIPIVL,1774.9876,0,60,12,0.272,,,,,,,,,,,,,
GSP1-WT-GDP,P32835,108,122,HRDLVRVCENIPIVL,1774.9876,10.4397,900,12,2.943,4.82,40.165,,1,High,0,,,,,,,
GSP1-WT-GDP,P32835,108,122,HRDLVRVCENIPIVL,1774.9876,0,1800,12,4.471,,,,,,,,,,,,,
GSP1-WT-GDP,P32835,108,122,HRDLVRVCENIPIVL,1774.9876,0,3600,12,6.078,,,,,,,,,,,,,
GSP1-WT-GDP,P32835,108,122,HRDLVRVCENIPIVL,1774.9876,0,7200,12,7.742,,,,,,,,,,,,,
GSP1-WT-GDP,P32835,108,122,HRDLVRVCENIPIVL,1774.9876,0,14400,12,9.47,,,,,,,,,,,,,
GSP1-WT-GDP,P32835,112,122,VRVCENIPIVL,1253.7166,10.3859,0,8,0,0,0,n/a,1,Medium,0,,,,,,,
GSP1-WT-GDP,P32835,112,122,VRVCENIPIVL,1253.7166,10.198,30,8,0.087,2.701,37.511,,1,Medium,0,,,,,,,
GSP1-WT-GDP,P32835,112,122,VRVCENIPIVL,1253.7166,10.5219,60,8,0.172,3.49,48.473,,1,Medium,0,,,,,,,
GSP1-WT-GDP,P32835,112,122,VRVCENIPIVL,1253.7166,10.9722,900,8,1.87,4.161,57.791,,1,Medium,0,,,,,,,
GSP1-WT-GDP,P32835,112,122,VRVCENIPIVL,1253.7166,10.5429,1800,8,2.842,4.193,58.233,,1,Medium,0,,,,,,,
GSP1-WT-GDP,P32835,112,122,VRVCENIPIVL,1253.7166,11.2264,3600,8,3.829,4.746,65.911,,1,Medium,0,,,,,,,
GSP1-WT-GDP,P32835,112,122,VRVCENIPIVL,1253.7166,11.2264,7200,8,4.819,,,,,,,,,,,,,
GSP1-WT-GDP,P32835,112,122,VRVCENIPIVL,1253.7166,11.1375,14400,8,5.959,4.808,66.781,,1,Medium,0,,,,,,,
GSP1-WT-GDP,P32835,115,122,CENIPIVL,899.4786,0,0,5,0,0,0,n/a,1,High,0,,,,,,,
GSP1-WT-GDP,P32835,115,122,CENIPIVL,899.4786,0,30,5,0.042,,,,,,,,,,,,,
GSP1-WT-GDP,P32835,115,122,CENIPIVL,899.4786,0,60,5,0.082,,,,,,,,,,,,,
GSP1-WT-GDP,P32835,115,122,CENIPIVL,899.4786,0,900,5,0.867,,,,,,,,,,,,,
GSP1-WT-GDP,P32835,115,122,CENIPIVL,899.4786,0,1800,5,1.297,,,,,,,,,,,,,
GSP1-WT-GDP,P32835,115,122,CENIPIVL,899.4786,0,3600,5,1.775,,,,,,,,,,,,,
GSP1-WT-GDP,P32835,115,122,CENIPIVL,899.4786,0,7200,5,2.406,,,,,,,,,,,,,
GSP1-WT-GDP,P32835,115,122,CENIPIVL,899.4786,0,14400,5,3.272,,,,,,,,,,,,,
GSP1-WT-GDP,P32835,117,122,NIPIVL,667.4269,10.5465,0,3,0,0,0,n/a,1,Medium,0,,,,,,,
GSP1-WT-GDP,P32835,117,122,NIPIVL,667.4269,10.4282,30,3,0.005,0.024,0.893,,1,Medium,0,,,,,,,
GSP1-WT-GDP,P32835,117,122,NIPIVL,667.4269,10.74,60,3,0.009,0.043,1.583,,1,Medium,0,,,,,,,
GSP1-WT-GDP,P32835,117,122,NIPIVL,667.4269,11.15,900,3,0.138,0.258,9.542,,1,Medium,0,,,,,,,
GSP1-WT-GDP,P32835,117,122,NIPIVL,667.4269,10.7308,1800,3,0.268,0.443,16.4,,1,Medium,0,,,,,,,
GSP1-WT-GDP,P32835,117,122,NIPIVL,667.4269,11.3661,3600,3,0.51,0.622,23.028,,1,Medium,0,,,,,,,
GSP1-WT-GDP,P32835,117,122,NIPIVL,667.4269,11.3661,7200,3,0.925,,,,,,,,,,,,,
GSP1-WT-GDP,P32835,117,122,NIPIVL,667.4269,11.2916,14400,3,1.541,0.742,27.465,,1,Medium,0,,,,,,,
GSP1-WT-GDP,P32835,118,122,IPIVL,553.3839,10.4317,0,3,0,0,0,n/a,1,Medium,0,,,,,,,
GSP1-WT-GDP,P32835,118,122,IPIVL,553.3839,10.9532,30,3,0.005,1.959,65.312,,1,Medium,0,,,,,,,
GSP1-WT-GDP,P32835,118,122,IPIVL,553.3839,10.6953,60,3,0.009,-0.099,-3.316,,1,Medium,0,,,,,,,
GSP1-WT-GDP,P32835,118,122,IPIVL,553.3839,10.8897,900,3,0.138,0.35,11.678,,1,Medium,0,,,,,,,
GSP1-WT-GDP,P32835,118,122,IPIVL,553.3839,10.4707,1800,3,0.268,0.459,15.301,,1,Medium,0,,,,,,,
GSP1-WT-GDP,P32835,118,122,IPIVL,553.3839,11.1662,3600,3,0.51,0.654,21.799,,1,Medium,0,,,,,,,
GSP1-WT-GDP,P32835,118,122,IPIVL,553.3839,11.1662,7200,3,0.925,,,,,,,,,,,,,
GSP1-WT-GDP,P32835,118,122,IPIVL,553.3839,11.0238,14400,3,1.541,0.721,24.038,,1,Medium,0,,,,,,,
GSP1-WT-GDP,P32835,123,131,CGNKVDVKE,990.4804,0,0,7,0,0,0,n/a,1,High,0,,,,,,,
GSP1-WT-GDP,P32835,123,131,CGNKVDVKE,990.4804,0,30,7,0.076,,,,,,,,,,,,,
GSP1-WT-GDP,P32835,123,131,CGNKVDVKE,990.4804,0,60,7,0.151,,,,,,,,,,,,,
GSP1-WT-GDP,P32835,123,131,CGNKVDVKE,990.4804,0,900,7,1.842,,,,,,,,,,,,,
GSP1-WT-GDP,P32835,123,131,CGNKVDVKE,990.4804,0,1800,7,3.032,,,,,,,,,,,,,
GSP1-WT-GDP,P32835,123,131,CGNKVDVKE,990.4804,0,3600,7,4.413,,,,,,,,,,,,,
GSP1-WT-GDP,P32835,123,131,CGNKVDVKE,990.4804,0,7200,7,5.621,,,,,,,,,,,,,
GSP1-WT-GDP,P32835,123,131,CGNKVDVKE,990.4804,0,14400,7,6.44,,,,,,,,,,,,,
GSP1-WT-GDP,P32835,123,138,CGNKVDVKERKVKAKT,1802.0196,4.094,0,14,0,0,0,n/a,1,High,0,,,,,,,
GSP1-WT-GDP,P32835,123,138,CGNKVDVKERKVKAKT,1802.0196,3.9847,30,14,0.13,3.201,25.403,,1,Medium,0,,,,,,,
GSP1-WT-GDP,P32835,123,138,CGNKVDVKERKVKAKT,1802.0196,4.1707,60,14,0.258,3.901,30.956,,1,Medium,0,,,,,,,
GSP1-WT-GDP,P32835,123,138,CGNKVDVKERKVKAKT,1802.0196,4.3362,900,14,3.247,4.261,33.815,,1,Medium,0,,6.28,49.843,,1,0,
GSP1-WT-GDP,P32835,123,138,CGNKVDVKERKVKAKT,1802.0196,4.1873,1800,14,5.503,4.362,34.619,,1,Medium,0,,,,,,,
GSP1-WT-GDP,P32835,123,138,CGNKVDVKERKVKAKT,1802.0196,4.4342,3600,14,8.339,5.037,39.977,,1,Medium,0,,,,,,,
GSP1-WT-GDP,P32835,123,138,CGNKVDVKERKVKAKT,1802.0196,4.4342,7200,14,11.03,,,,,,,,,,,,,
GSP1-WT-GDP,P32835,123,138,CGNKVDVKERKVKAKT,1802.0196,4.3322,14400,14,12.858,5.208,41.331,,1,Medium,0,,,,,,,
GSP1-WT-GDP,P32835,123,141,CGNKVDVKERKVKAKTITF,2163.2198,5.2985,0,17,0,0,0,n/a,1,Medium,0,,,,,,,
GSP1-WT-GDP,P32835,123,141,CGNKVDVKERKVKAKTITF,2163.2198,5.0997,30,17,0.14,3.928,25.673,,1,Medium,0,,,,,,,
GSP1-WT-GDP,P32835,123,141,CGNKVDVKERKVKAKTITF,2163.2198,5.2996,60,17,0.277,4.585,29.969,,1,Medium,0,,,,,,,
GSP1-WT-GDP,P32835,123,141,CGNKVDVKERKVKAKTITF,2163.2198,5.6601,900,17,3.522,5.771,37.719,,1,Medium,0,,,,,,,
GSP1-WT-GDP,P32835,123,141,CGNKVDVKERKVKAKTITF,2163.2198,5.4025,1800,17,6.023,5.33,34.837,,1,Medium,0,,,,,,,
GSP1-WT-GDP,P32835,123,141,CGNKVDVKERKVKAKTITF,2163.2198,5.8123,3600,17,9.274,6.294,41.135,,1,Medium,0,,,,,,,
GSP1-WT-GDP,P32835,123,141,CGNKVDVKERKVKAKTITF,2163.2198,5.8123,7200,17,12.57,,,,,,,,,,,,,
GSP1-WT-GDP,P32835,123,141,CGNKVDVKERKVKAKTITF,2163.2198,5.7313,14400,17,15.077,6.27,40.98,,1,Medium,0,,,,,,,
GSP1-WT-GDP,P32835,139,154,ITFHRKKNLQYYDISA,1996.053,6.9855,0,14,0,0,0,n/a,1,Medium,0,,,,,,,
GSP1-WT-GDP,P32835,139,154,ITFHRKKNLQYYDISA,1996.053,6.9933,30,14,0.18,11.602,82.871,,1,Medium,0,,,,,,,
GSP1-WT-GDP,P32835,139,154,ITFHRKKNLQYYDISA,1996.053,0,60,14,0.355,,,,,,,,,,,,,
GSP1-WT-GDP,P32835,139,154,ITFHRKKNLQYYDISA,1996.053,0,900,14,4.064,,,,,,,,,,,,,
GSP1-WT-GDP,P32835,139,154,ITFHRKKNLQYYDISA,1996.053,0,1800,14,6.445,,,,,,,,,,,,,
GSP1-WT-GDP,P32835,139,154,ITFHRKKNLQYYDISA,1996.053,0,3600,14,9.14,,,,,,,,,,,,,
GSP1-WT-GDP,P32835,139,154,ITFHRKKNLQYYDISA,1996.053,0,7200,14,11.663,,,,,,,,,,,,,
GSP1-WT-GDP,P32835,139,154,ITFHRKKNLQYYDISA,1996.053,0,14400,14,13.372,,,,,,,,,,,,,
GSP1-WT-GDP,P32835,142,154,HRKKNLQYYDISA,1634.8529,6.1941,0,11,0,0,0,n/a,1,Medium,0,,,,,,,
GSP1-WT-GDP,P32835,142,154,HRKKNLQYYDISA,1634.8529,6.0795,30,11,0.106,0.451,4.553,,1,Medium,0,,,,,,,
GSP1-WT-GDP,P32835,142,154,HRKKNLQYYDISA,1634.8529,5.6952,60,11,0.21,9.471,95.665,,1,Medium,0,,,,,,,
GSP1-WT-GDP,P32835,142,154,HRKKNLQYYDISA,1634.8529,6.034,900,11,2.621,9.4,94.948,,1,Medium,0,,,,,,,
GSP1-WT-GDP,P32835,142,154,HRKKNLQYYDISA,1634.8529,5.7694,1800,11,4.423,9.433,95.279,,1,Medium,0,,,,,,,
GSP1-WT-GDP,P32835,142,154,HRKKNLQYYDISA,1634.8529,6.2171,3600,11,6.705,9.392,94.873,,1,Medium,0,,,,,,,
GSP1-WT-GDP,P32835,142,154,HRKKNLQYYDISA,1634.8529,6.2171,7200,11,8.949,,,,,,,,,,,,,
GSP1-WT-GDP,P32835,142,154,HRKKNLQYYDISA,1634.8529,6.1242,14400,11,10.454,9.366,94.608,,1,Medium,0,,,,,,,
GSP1-WT-GDP,P32835,142,165,HRKKNLQYYDISAKSNYNFEKPFL,3002.5403,0,0,21,0,0,0,n/a,1,High,0,,,,,,,
GSP1-WT-GDP,P32835,142,165,HRKKNLQYYDISAKSNYNFEKPFL,3002.5403,0,30,21,0.217,,,,,,,,,,,,,
GSP1-WT-GDP,P32835,142,165,HRKKNLQYYDISAKSNYNFEKPFL,3002.5403,0,60,21,0.43,,,,,,,,,,,,,
GSP1-WT-GDP,P32835,142,165,HRKKNLQYYDISAKSNYNFEKPFL,3002.5403,0,900,21,5.31,,,,,,,,,,,,,
GSP1-WT-GDP,P32835,142,165,HRKKNLQYYDISAKSNYNFEKPFL,3002.5403,0,1800,21,8.877,,,,,,,,,,,,,
GSP1-WT-GDP,P32835,142,165,HRKKNLQYYDISAKSNYNFEKPFL,3002.5403,0,3600,21,13.247,,,,,,,,,,,,,
GSP1-WT-GDP,P32835,142,165,HRKKNLQYYDISAKSNYNFEKPFL,3002.5403,0,7200,21,17.302,,,,,,,,,,,,,
GSP1-WT-GDP,P32835,142,165,HRKKNLQYYDISAKSNYNFEKPFL,3002.5403,0,14400,21,19.881,,,,,,,,,,,,,
GSP1-WT-GDP,P32835,144,167,KKNLQYYDISAKSNYNFEKPFLWL,3008.5436,11.0726,0,21,0,0,0,n/a,1,Medium,0,,,,,,,
GSP1-WT-GDP,P32835,144,167,KKNLQYYDISAKSNYNFEKPFLWL,3008.5436,10.8412,30,21,0.208,3.764,19.916,,1,Medium,0,,,,,,,
GSP1-WT-GDP,P32835,144,167,KKNLQYYDISAKSNYNFEKPFLWL,3008.5436,11.2441,60,21,0.413,3.004,15.896,,1,Medium,0,,5.896,31.194,,1,0,
GSP1-WT-GDP,P32835,144,167,KKNLQYYDISAKSNYNFEKPFLWL,3008.5436,11.6528,900,21,5.085,7.366,38.972,,1,Medium,0,,,,,,,
GSP1-WT-GDP,P32835,144,167,KKNLQYYDISAKSNYNFEKPFLWL,3008.5436,0,1800,21,8.49,,,,,,,,,,,,,
GSP1-WT-GDP,P32835,144,167,KKNLQYYDISAKSNYNFEKPFLWL,3008.5436,10.9431,3600,21,12.675,0.391,2.071,,1,Medium,0,,,,,,,
GSP1-WT-GDP,P32835,144,167,KKNLQYYDISAKSNYNFEKPFLWL,3008.5436,10.9431,7200,21,16.658,,,,,,,,,,,,,
GSP1-WT-GDP,P32835,144,167,KKNLQYYDISAKSNYNFEKPFLWL,3008.5436,11.3012,14400,21,19.426,0.096,0.51,,1,Medium,0,,,,,,,
GSP1-WT-GDP,P32835,149,154,YYDISA,730.3174,7.9191,0,4,0,0,0,n/a,1,Medium,0,,,,,,,
GSP1-WT-GDP,P32835,149,154,YYDISA,730.3174,7.6505,30,4,0.05,0.255,6.363,,1,Medium,0,,,,,,,
GSP1-WT-GDP,P32835,149,154,YYDISA,730.3174,8.0354,60,4,0.1,0.081,2.024,,1,Medium,0,,,,,,,
GSP1-WT-GDP,P32835,149,154,YYDISA,730.3174,8.2779,900,4,1.186,2.132,53.295,,1,Medium,0,,,,,,,
GSP1-WT-GDP,P32835,149,154,YYDISA,730.3174,8.0902,1800,4,1.919,0.326,8.162,,1,Medium,0,,,,,,,
GSP1-WT-GDP,P32835,149,154,YYDISA,730.3174,8.6961,3600,4,2.739,0.172,4.308,,1,Medium,0,,,,,,,
GSP1-WT-GDP,P32835,149,154,YYDISA,730.3174,8.6961,7200,4,3.429,,,,,,,,,,,,,
GSP1-WT-GDP,P32835,149,154,YYDISA,730.3174,8.5947,14400,4,3.844,0.347,8.675,,1,Medium,0,,,,,,,
GSP1-WT-GDP,P32835,149,165,YYDISAKSNYNFEKPFL,2098.0048,10.2771,0,14,0,0,0,n/a,1,High,0,,,,,,,
GSP1-WT-GDP,P32835,149,165,YYDISAKSNYNFEKPFL,2098.0048,10.0393,30,14,0.161,1.274,10.11,,1,Medium,0,,,,,,,
GSP1-WT-GDP,P32835,149,165,YYDISAKSNYNFEKPFL,2098.0048,10.4477,60,14,0.319,1.207,9.575,,1,Medium,0,,,,,,,
GSP1-WT-GDP,P32835,149,165,YYDISAKSNYNFEKPFL,2098.0048,10.9516,900,14,3.874,2.754,21.861,,1,Medium,0,,,,,,,
GSP1-WT-GDP,P32835,149,165,YYDISAKSNYNFEKPFL,2098.0048,10.5146,1800,14,6.373,3.592,28.509,,1,Medium,0,,,,,,,
GSP1-WT-GDP,P32835,149,165,YYDISAKSNYNFEKPFL,2098.0048,11.1492,3600,14,9.281,3.874,30.745,,1,Medium,0,,,,,,,
GSP1-WT-GDP,P32835,149,165,YYDISAKSNYNFEKPFL,2098.0048,11.1492,7200,14,11.782,,,,,,,,,,,,,
GSP1-WT-GDP,P32835,149,165,YYDISAKSNYNFEKPFL,2098.0048,11.0886,14400,14,13.271,4.395,34.881,,1,Medium,0,,,,,,,
GSP1-WT-GDP,P32835,149,167,YYDISAKSNYNFEKPFLWL,2397.1681,12.5648,0,16,0,0,0,n/a,1,High,0,,,,,,,
GSP1-WT-GDP,P32835,149,167,YYDISAKSNYNFEKPFLWL,2397.1681,12.3835,30,16,0.167,0.755,5.245,,1,Medium,0,,,,,,,
GSP1-WT-GDP,P32835,149,167,YYDISAKSNYNFEKPFLWL,2397.1681,12.5651,60,16,0.332,1.388,9.637,,1,Medium,0,,,,,,,
GSP1-WT-GDP,P32835,149,167,YYDISAKSNYNFEKPFLWL,2397.1681,13.2006,900,16,4.054,2.745,19.066,,1,Medium,0,,,,,,,
GSP1-WT-GDP,P32835,149,167,YYDISAKSNYNFEKPFLWL,2397.1681,12.5759,1800,16,6.714,2.368,16.445,,1,Medium,0,,,,,,,
GSP1-WT-GDP,P32835,149,167,YYDISAKSNYNFEKPFLWL,2397.1681,0,3600,16,9.898,,,,,,,,,,,,,
GSP1-WT-GDP,P32835,149,167,YYDISAKSNYNFEKPFLWL,2397.1681,0,7200,16,12.807,,,,,,,,,,,,,
GSP1-WT-GDP,P32835,149,167,YYDISAKSNYNFEKPFLWL,2397.1681,0,14400,16,14.761,,,,,,,,,,,,,
GSP1-WT-GDP,P32835,150,154,YDISA,567.254,6.7951,0,3,0,0,0,n/a,1,High,0,,,,,,,
GSP1-WT-GDP,P32835,150,154,YDISA,567.254,6.4837,30,3,0.025,-0.029,-1.085,,1,Medium,0,,,,,,,
GSP1-WT-GDP,P32835,150,154,YDISA,567.254,6.8374,60,3,0.049,-0.016,-0.589,,1,Medium,0,,,,,,,
GSP1-WT-GDP,P32835,150,154,YDISA,567.254,7.1036,900,3,0.647,0.05,1.841,,1,Medium,0,,,,,,,
GSP1-WT-GDP,P32835,150,154,YDISA,567.254,6.9534,1800,3,1.132,-0.057,-2.094,,1,Medium,0,,,,,,,
GSP1-WT-GDP,P32835,150,154,YDISA,567.254,7.4761,3600,3,1.785,-0.064,-2.376,,1,Medium,0,,,,,,,
GSP1-WT-GDP,P32835,150,154,YDISA,567.254,7.4761,7200,3,2.431,,,,,,,,,,,,,
GSP1-WT-GDP,P32835,150,154,YDISA,567.254,7.3443,14400,3,2.844,-0.024,-0.889,,1,Medium,0,,,,,,,
GSP1-WT-GDP,P32835,150,158,YDISAKSNY,1059.4873,6.5509,0,7,0,0,0,n/a,1,Medium,0,,,,,,,
GSP1-WT-GDP,P32835,150,158,YDISAKSNY,1059.4873,6.3003,30,7,0.084,0.359,5.703,,1,Medium,0,,,,,,,
GSP1-WT-GDP,P32835,150,158,YDISAKSNY,1059.4873,6.5511,60,7,0.166,0.21,3.334,,1,Medium,0,,,,,,,
GSP1-WT-GDP,P32835,150,158,YDISAKSNY,1059.4873,7.0291,900,7,2.009,1.063,16.865,,1,Medium,0,,,,,,,
GSP1-WT-GDP,P32835,150,158,YDISAKSNY,1059.4873,6.7396,1800,7,3.298,1.448,22.982,,1,Medium,0,,,,,,,
GSP1-WT-GDP,P32835,150,158,YDISAKSNY,1059.4873,7.2542,3600,7,4.799,1.782,28.291,,1,Medium,0,,,,,,,
GSP1-WT-GDP,P32835,150,158,YDISAKSNY,1059.4873,7.2542,7200,7,6.084,,,,,,,,,,,,,
GSP1-WT-GDP,P32835,150,158,YDISAKSNY,1059.4873,7.1504,14400,7,6.79,1.922,30.506,,1,Medium,0,,,,,,,
GSP1-WT-GDP,P32835,150,165,YDISAKSNYNFEKPFL,1934.9414,10.0117,0,13,0,0,0,n/a,1,Medium,0,,,,,,,
GSP1-WT-GDP,P32835,150,165,YDISAKSNYNFEKPFL,1934.9414,9.8657,30,13,0.136,1.205,10.297,,1,Medium,0,,,,,,,
GSP1-WT-GDP,P32835,150,165,YDISAKSNYNFEKPFL,1934.9414,10.1422,60,13,0.269,1.68,14.359,,1,Medium,0,,,,,,,
GSP1-WT-GDP,P32835,150,165,YDISAKSNYNFEKPFL,1934.9414,10.7135,900,13,3.336,2.662,22.756,,1,Medium,0,,,,,,,
GSP1-WT-GDP,P32835,150,165,YDISAKSNYNFEKPFL,1934.9414,10.234,1800,13,5.586,3.247,27.756,,1,Medium,0,,,,,,,
GSP1-WT-GDP,P32835,150,165,YDISAKSNYNFEKPFL,1934.9414,10.8776,3600,13,8.327,4.432,37.878,,1,Medium,0,,,,,,,
GSP1-WT-GDP,P32835,150,165,YDISAKSNYNFEKPFL,1934.9414,10.8776,7200,13,10.784,,,,,,,,,,,,,
GSP1-WT-GDP,P32835,150,165,YDISAKSNYNFEKPFL,1934.9414,10.8431,14400,13,12.271,4.316,36.892,,1,Medium,0,,,,,,,
GSP1-WT-GDP,P32835,150,167,YDISAKSNYNFEKPFLWL,2234.1048,12.4042,0,15,0,0,0,n/a,1,High,0,,,,,,,
GSP1-WT-GDP,P32835,150,167,YDISAKSNYNFEKPFLWL,2234.1048,12.3889,30,15,0.142,0.846,6.27,,1,High,0,,,,,,,
GSP1-WT-GDP,P32835,150,167,YDISAKSNYNFEKPFLWL,2234.1048,12.4409,60,15,0.282,0.973,7.207,,1,Medium,0,,,,,,,
GSP1-WT-GDP,P32835,150,167,YDISAKSNYNFEKPFLWL,2234.1048,0,900,15,3.515,,,,,,,,,,,,,
GSP1-WT-GDP,P32835,150,167,YDISAKSNYNFEKPFLWL,2234.1048,12.4342,1800,15,5.926,2.979,22.068,,1,Medium,0,,,,,,,
GSP1-WT-GDP,P32835,150,167,YDISAKSNYNFEKPFLWL,2234.1048,0,3600,15,8.943,,,,,,,,,,,,,
GSP1-WT-GDP,P32835,150,167,YDISAKSNYNFEKPFLWL,2234.1048,0,7200,15,11.809,,,,,,,,,,,,,
GSP1-WT-GDP,P32835,150,167,YDISAKSNYNFEKPFLWL,2234.1048,13.3424,14400,15,13.761,4.221,31.268,,1,High,0,,,,,,,
GSP1-WT-GDP,P32835,152,167,ISAKSNYNFEKPFLWL,1956.0145,12.0954,0,13,0,0,0,n/a,1,High,0,,,,,,,
GSP1-WT-GDP,P32835,152,167,ISAKSNYNFEKPFLWL,1956.0145,12.0163,30,13,0.13,0.102,0.874,,1,Medium,0,,,,,,,
GSP1-WT-GDP,P32835,152,167,ISAKSNYNFEKPFLWL,1956.0145,12.095,60,13,0.259,0.751,6.421,,1,Medium,0,,,,,,,
GSP1-WT-GDP,P32835,152,167,ISAKSNYNFEKPFLWL,1956.0145,12.5668,900,13,3.198,2.38,20.339,,1,Medium,0,,,,,,,
GSP1-WT-GDP,P32835,152,167,ISAKSNYNFEKPFLWL,1956.0145,12.2847,1800,13,5.346,2.559,21.876,,1,High,0,,,,,,,
GSP1-WT-GDP,P32835,152,167,ISAKSNYNFEKPFLWL,1956.0145,0,3600,13,7.957,,,,,,,,,,,,,
GSP1-WT-GDP,P32835,152,167,ISAKSNYNFEKPFLWL,1956.0145,0,7200,13,10.337,,,,,,,,,,,,,
GSP1-WT-GDP,P32835,152,167,ISAKSNYNFEKPFLWL,1956.0145,12.993,14400,13,11.915,3.838,32.799,,1,Medium,0,,,,,,,
GSP1-WT-GDP,P32835,154,165,AKSNYNFEKPFL,1456.7351,9.305,0,9,0,0,0,n/a,1,Medium,0,,,,,,,
GSP1-WT-GDP,P32835,154,165,AKSNYNFEKPFL,1456.7351,9.0654,30,9,0.104,0.328,4.046,,1,Medium,0,,,,,,,
GSP1-WT-GDP,P32835,154,165,AKSNYNFEKPFL,1456.7351,9.4505,60,9,0.206,0.497,6.141,,1,Medium,0,,,,,,,
GSP1-WT-GDP,P32835,154,165,AKSNYNFEKPFL,1456.7351,9.9294,900,9,2.497,1.961,24.214,,1,Medium,0,,,,,,,
GSP1-WT-GDP,P32835,154,165,AKSNYNFEKPFL,1456.7351,9.477,1800,9,4.107,1.881,23.227,,1,Medium,0,,,,,,,
GSP1-WT-GDP,P32835,154,165,AKSNYNFEKPFL,1456.7351,10.1738,3600,9,5.969,2.602,32.12,,1,Medium,0,,,,,,,
GSP1-WT-GDP,P32835,154,165,AKSNYNFEKPFL,1456.7351,10.1738,7200,9,7.536,,,,,,,,,,,,,
GSP1-WT-GDP,P32835,154,165,AKSNYNFEKPFL,1456.7351,10.0916,14400,9,8.46,3.284,40.541,,1,Medium,0,,,,,,,
GSP1-WT-GDP,P32835,154,167,AKSNYNFEKPFLWL,1755.8984,12.0265,0,11,0,0,0,n/a,1,High,0,,,,,,,
GSP1-WT-GDP,P32835,154,167,AKSNYNFEKPFLWL,1755.8984,11.8438,30,11,0.11,0.477,4.822,,1,High,0,,,,,,,
GSP1-WT-GDP,P32835,154,167,AKSNYNFEKPFLWL,1755.8984,12.251,60,11,0.218,0.677,6.838,,1,High,0,,,,,,,
GSP1-WT-GDP,P32835,154,167,AKSNYNFEKPFLWL,1755.8984,12.7709,900,11,2.677,1.812,18.307,,1,High,0,,,,,,,
GSP1-WT-GDP,P32835,154,167,AKSNYNFEKPFLWL,1755.8984,12.2185,1800,11,4.448,2.164,21.857,,1,High,0,,,,,,,
GSP1-WT-GDP,P32835,154,167,AKSNYNFEKPFLWL,1755.8984,13.0643,3600,11,6.586,2.731,27.584,,1,High,0,,,,,,,
GSP1-WT-GDP,P32835,154,167,AKSNYNFEKPFLWL,1755.8984,13.0643,7200,11,8.56,,,,,,,,,,,,,
GSP1-WT-GDP,P32835,154,167,AKSNYNFEKPFLWL,1755.8984,12.9365,14400,11,9.95,3.12,31.512,,1,High,0,,,,,,,
GSP1-WT-GDP,P32835,155,165,KSNYNFEKPFL,1385.698,9.3049,0,8,0,0,0,n/a,1,High,0,,,,,,,
GSP1-WT-GDP,P32835,155,165,KSNYNFEKPFL,1385.698,9.0479,30,8,0.088,0.276,3.829,,1,High,0,,,,,,,
GSP1-WT-GDP,P32835,155,165,KSNYNFEKPFL,1385.698,9.4557,60,8,0.175,0.435,6.048,,1,High,0,,,,,,,
GSP1-WT-GDP,P32835,155,165,KSNYNFEKPFL,1385.698,9.9033,900,8,2.12,1.483,20.599,,1,High,0,,,,,,,
GSP1-WT-GDP,P32835,155,165,KSNYNFEKPFL,1385.698,9.4915,1800,8,3.495,1.716,23.826,,1,High,0,,,,,,,
GSP1-WT-GDP,P32835,155,165,KSNYNFEKPFL,1385.698,10.1842,3600,8,5.119,2.313,32.12,,1,High,0,,,,,,,
GSP1-WT-GDP,P32835,155,165,KSNYNFEKPFL,1385.698,10.1842,7200,8,6.558,,,,,,,,,,,,,
GSP1-WT-GDP,P32835,155,165,KSNYNFEKPFL,1385.698,10.1176,14400,8,7.461,2.607,36.211,,1,High,0,,,,,,,
GSP1-WT-GDP,P32835,155,167,KSNYNFEKPFLWL,1684.8613,12.0423,0,10,0,0,0,n/a,1,High,0,,,,,,,
GSP1-WT-GDP,P32835,155,167,KSNYNFEKPFLWL,1684.8613,12.0026,30,10,0.094,0.341,3.784,,1,High,0,,,,,,,
GSP1-WT-GDP,P32835,155,167,KSNYNFEKPFLWL,1684.8613,12.3583,60,10,0.187,0.569,6.325,,1,High,0,,,,,,,
GSP1-WT-GDP,P32835,155,167,KSNYNFEKPFLWL,1684.8613,12.6505,900,10,2.299,1.708,18.981,,1,High,0,,,,,,,
GSP1-WT-GDP,P32835,155,167,KSNYNFEKPFLWL,1684.8613,12.3535,1800,10,3.835,1.965,21.83,,1,High,0,,,,,,,
GSP1-WT-GDP,P32835,155,167,KSNYNFEKPFLWL,1684.8613,13.0828,3600,10,5.736,2.533,28.143,,1,High,0,,,,,,,
GSP1-WT-GDP,P32835,155,167,KSNYNFEKPFLWL,1684.8613,13.0828,7200,10,7.583,,,,,,,,,,,,,
GSP1-WT-GDP,P32835,155,167,KSNYNFEKPFLWL,1684.8613,12.9167,14400,10,8.95,2.978,33.087,,1,High,0,,,,,,,
GSP1-WT-GDP,P32835,155,177,KSNYNFEKPFLWLARKLAGNPQL,2733.4755,0,0,19,0,0,0,n/a,1,High,0,,,,,,,
GSP1-WT-GDP,P32835,155,177,KSNYNFEKPFLWLARKLAGNPQL,2733.4755,0,30,19,0.18,,,,,,,,,,,,,
GSP1-WT-GDP,P32835,155,177,KSNYNFEKPFLWLARKLAGNPQL,2733.4755,0,60,19,0.357,,,,,,,,,,,,,
GSP1-WT-GDP,P32835,155,177,KSNYNFEKPFLWLARKLAGNPQL,2733.4755,0,900,19,4.431,,,,,,,,,,,,,
GSP1-WT-GDP,P32835,155,177,KSNYNFEKPFLWLARKLAGNPQL,2733.4755,0,1800,19,7.453,,,,,,,,,,,,,
GSP1-WT-GDP,P32835,155,177,KSNYNFEKPFLWLARKLAGNPQL,2733.4755,0,3600,19,11.24,,,,,,,,,,,,,
GSP1-WT-GDP,P32835,155,177,KSNYNFEKPFLWLARKLAGNPQL,2733.4755,0,7200,19,14.884,,,,,,,,,,,,,
GSP1-WT-GDP,P32835,155,177,KSNYNFEKPFLWLARKLAGNPQL,2733.4755,0,14400,19,17.398,,,,,,,,,,,,,
GSP1-WT-GDP,P32835,155,179,KSNYNFEKPFLWLARKLAGNPQLEF,3009.5865,12.1133,0,21,0,0,0,n/a,1,Medium,0,,,,,,,
GSP1-WT-GDP,P32835,155,179,KSNYNFEKPFLWLARKLAGNPQLEF,3009.5865,11.9225,30,21,0.194,2.898,15.334,,1,Medium,0,,,,,,,
GSP1-WT-GDP,P32835,155,179,KSNYNFEKPFLWLARKLAGNPQLEF,3009.5865,11.2092,60,21,0.386,3.516,18.601,,1,Medium,0,,,,,,,
GSP1-WT-GDP,P32835,155,179,KSNYNFEKPFLWLARKLAGNPQLEF,3009.5865,11.6567,900,21,4.831,6.128,32.425,,1,Medium,0,,,,,,,
GSP1-WT-GDP,P32835,155,179,KSNYNFEKPFLWLARKLAGNPQLEF,3009.5865,0,1800,21,8.173,,,,,,,,,,,,,
GSP1-WT-GDP,P32835,155,179,KSNYNFEKPFLWLARKLAGNPQLEF,3009.5865,11.9647,3600,21,12.419,7.766,41.092,,1,Medium,0,,,,,,,
GSP1-WT-GDP,P32835,155,179,KSNYNFEKPFLWLARKLAGNPQLEF,3009.5865,11.9647,7200,21,16.544,,,,,,,,,,,,,
GSP1-WT-GDP,P32835,155,179,KSNYNFEKPFLWLARKLAGNPQLEF,3009.5865,11.7901,14400,21,19.339,8.14,43.068,,1,Medium,0,,,,,,,
GSP1-WT-GDP,P32835,159,165,NFEKPFL,893.4647,9.6947,0,4,0,0,0,n/a,1,Medium,0,,,,,,,
GSP1-WT-GDP,P32835,159,165,NFEKPFL,893.4647,9.4645,30,4,0.027,0.213,5.914,,1,Medium,0,,,,,,,
GSP1-WT-GDP,P32835,159,165,NFEKPFL,893.4647,9.7353,60,4,0.055,0.331,9.181,,1,Medium,0,,,,,,,
GSP1-WT-GDP,P32835,159,165,NFEKPFL,893.4647,10.2433,900,4,0.723,0.93,25.827,,1,Medium,0,,,,,,,
GSP1-WT-GDP,P32835,159,165,NFEKPFL,893.4647,9.7454,1800,4,1.279,1.057,29.357,,1,Medium,0,,,,,,,
GSP1-WT-GDP,P32835,159,165,NFEKPFL,893.4647,10.5,3600,4,2.052,1.296,35.989,,1,Medium,0,,,,,,,
GSP1-WT-GDP,P32835,159,165,NFEKPFL,893.4647,10.5,7200,4,2.87,,,,,,,,,,,,,
GSP1-WT-GDP,P32835,159,165,NFEKPFL,893.4647,10.4293,14400,4,3.504,1.262,35.042,,1,Medium,0,,,,,,,
GSP1-WT-GDP,P32835,159,167,NFEKPFLWL,1192.6281,12.8434,0,6,0,0,0,n/a,1,High,0,,,,,,,
GSP1-WT-GDP,P32835,159,167,NFEKPFLWL,1192.6281,12.6754,30,6,0.034,0.147,2.717,,1,High,0,,,,,,,
GSP1-WT-GDP,P32835,159,167,NFEKPFLWL,1192.6281,13.0546,60,6,0.067,0.214,3.967,,1,High,0,,,,,,,
GSP1-WT-GDP,P32835,159,167,NFEKPFLWL,1192.6281,13.5835,900,6,0.903,0.846,15.662,,1,High,0,,,,,,,
GSP1-WT-GDP,P32835,159,167,NFEKPFLWL,1192.6281,13.0353,1800,6,1.62,0.948,17.549,,1,High,0,,,,,,,
GSP1-WT-GDP,P32835,159,167,NFEKPFLWL,1192.6281,13.9071,3600,6,2.669,1.185,21.938,,1,Medium,0,,,,,,,
GSP1-WT-GDP,P32835,159,167,NFEKPFLWL,1192.6281,13.9071,7200,6,3.895,,,,,,,,,,,,,
GSP1-WT-GDP,P32835,159,167,NFEKPFLWL,1192.6281,13.8207,14400,6,4.993,1.272,23.549,,1,High,0,,,,,,,
GSP1-WT-GDP,P32835,160,167,FEKPFLWL,1078.5852,12.8814,0,5,0,0,0,n/a,1,Medium,0,,,,,,,
GSP1-WT-GDP,P32835,160,167,FEKPFLWL,1078.5852,12.7762,30,5,0.024,0.187,4.153,,1,Medium,0,,,,,,,
GSP1-WT-GDP,P32835,160,167,FEKPFLWL,1078.5852,13.1166,60,5,0.048,0.242,5.383,,1,Medium,0,,,,,,,
GSP1-WT-GDP,P32835,160,167,FEKPFLWL,1078.5852,13.497,900,5,0.646,0.398,8.846,,1,Medium,0,,,,,,,
GSP1-WT-GDP,P32835,160,167,FEKPFLWL,1078.5852,12.9362,1800,5,1.173,0.542,12.035,,1,Medium,0,,,,,,,
GSP1-WT-GDP,P32835,160,167,FEKPFLWL,1078.5852,0,3600,5,1.974,,,,,,,,,,,,,
GSP1-WT-GDP,P32835,160,167,FEKPFLWL,1078.5852,0,7200,5,2.988,,,,,,,,,,,,,
GSP1-WT-GDP,P32835,160,167,FEKPFLWL,1078.5852,0,14400,5,4.002,,,,,,,,,,,,,
GSP1-WT-GDP,P32835,161,167,EKPFLWL,931.5167,12.2579,0,4,0,0,0,n/a,1,High,0,,,,,,,
GSP1-WT-GDP,P32835,161,167,EKPFLWL,931.5167,0,30,4,0.012,,,,,,,,,,,,,
GSP1-WT-GDP,P32835,161,167,EKPFLWL,931.5167,12.4538,60,4,0.025,0.087,2.174,,1,Medium,0,,,,,,,
GSP1-WT-GDP,P32835,161,167,EKPFLWL,931.5167,12.9955,900,4,0.353,0.074,1.841,,1,Medium,0,,,,,,,
GSP1-WT-GDP,P32835,161,167,EKPFLWL,931.5167,12.445,1800,4,0.673,0.108,2.701,,1,Medium,0,,,,,,,
GSP1-WT-GDP,P32835,161,167,EKPFLWL,931.5167,0,3600,4,1.224,,,,,,,,,,,,,
GSP1-WT-GDP,P32835,161,167,EKPFLWL,931.5167,0,7200,4,2.051,,,,,,,,,,,,,
GSP1-WT-GDP,P32835,161,167,EKPFLWL,931.5167,0,14400,4,3.006,,,,,,,,,,,,,
GSP1-WT-GDP,P32835,166,177,WLARKLAGNPQL,1365.7881,7.768,0,9,0,0,0,n/a,1,High,0,,,,,,,
GSP1-WT-GDP,P32835,166,177,WLARKLAGNPQL,1365.7881,7.5306,30,9,0.085,1.649,20.355,,1,High,0,,,,,,,
GSP1-WT-GDP,P32835,166,177,WLARKLAGNPQL,1365.7881,8.0396,60,9,0.169,1.486,18.351,,1,Medium,0,,,,,,,
GSP1-WT-GDP,P32835,166,177,WLARKLAGNPQL,1365.7881,8.2952,900,9,2.132,3.048,37.63,,1,High,0,,,,,,,
GSP1-WT-GDP,P32835,166,177,WLARKLAGNPQL,1365.7881,8.0361,1800,9,3.618,3.051,37.672,,1,Medium,0,,,,,,,
GSP1-WT-GDP,P32835,166,177,WLARKLAGNPQL,1365.7881,8.426,3600,9,5.504,3.636,44.888,,1,High,0,,,,,,,
GSP1-WT-GDP,P32835,166,177,WLARKLAGNPQL,1365.7881,8.426,7200,9,7.301,,,,,,,,,,,,,
GSP1-WT-GDP,P32835,166,177,WLARKLAGNPQL,1365.7881,8.4165,14400,9,8.447,3.775,46.603,,1,High,0,,,,,,,
GSP1-WT-GDP,P32835,166,178,WLARKLAGNPQLE,1494.8307,7.3688,0,10,0,0,0,n/a,1,Medium,0,,,,,,,
GSP1-WT-GDP,P32835,166,178,WLARKLAGNPQLE,1494.8307,7.1383,30,10,0.092,1.716,19.071,,1,High,0,,,,,,,
GSP1-WT-GDP,P32835,166,178,WLARKLAGNPQLE,1494.8307,7.4377,60,10,0.183,2.091,23.236,,1,High,0,,,,,,,
GSP1-WT-GDP,P32835,166,178,WLARKLAGNPQLE,1494.8307,7.8587,900,10,2.315,3.559,39.546,,1,High,0,,,,,,,
GSP1-WT-GDP,P32835,166,178,WLARKLAGNPQLE,1494.8307,7.5061,1800,10,3.951,3.602,40.025,,1,High,0,,,,,,,
GSP1-WT-GDP,P32835,166,178,WLARKLAGNPQLE,1494.8307,8.0549,3600,10,6.06,4.223,46.923,,1,Medium,0,,,,,,,
GSP1-WT-GDP,P32835,166,178,WLARKLAGNPQLE,1494.8307,8.0549,7200,10,8.103,,,,,,,,,,,,,
GSP1-WT-GDP,P32835,166,178,WLARKLAGNPQLE,1494.8307,7.9509,14400,10,9.408,4.436,49.29,,1,High,0,,,,,,,
GSP1-WT-GDP,P32835,166,179,WLARKLAGNPQLEF,1641.8991,9.4864,0,11,0,0,0,n/a,1,High,0,,,,,,,
GSP1-WT-GDP,P32835,166,179,WLARKLAGNPQLEF,1641.8991,9.3721,30,11,0.1,2.547,25.728,,1,Medium,0,,,,,,,
GSP1-WT-GDP,P32835,166,179,WLARKLAGNPQLEF,1641.8991,9.5371,60,11,0.199,3.028,30.584,,1,High,0,,,,,,,
GSP1-WT-GDP,P32835,166,179,WLARKLAGNPQLEF,1641.8991,9.9111,900,11,2.532,4.981,50.313,,1,High,0,,,,,,,
GSP1-WT-GDP,P32835,166,179,WLARKLAGNPQLEF,1641.8991,9.5294,1800,11,4.337,4.921,49.708,,1,High,0,,,,,,,
GSP1-WT-GDP,P32835,166,179,WLARKLAGNPQLEF,1641.8991,10.2606,3600,11,6.683,5.411,54.661,,1,High,0,,,,,,,
GSP1-WT-GDP,P32835,166,179,WLARKLAGNPQLEF,1641.8991,10.2606,7200,11,8.961,,,,,,,,,,,,,
GSP1-WT-GDP,P32835,166,179,WLARKLAGNPQLEF,1641.8991,10.1609,14400,11,10.388,5.708,57.653,,1,High,0,,,,,,,
GSP1-WT-GDP,P32835,167,179,LARKLAGNPQLEF,1455.8198,8.2274,0,10,0,0,0,n/a,1,Medium,0,,,,,,,
GSP1-WT-GDP,P32835,167,179,LARKLAGNPQLEF,1455.8198,8.3576,30,10,0.089,1.64,16.399,,1,Medium,0,,,,,,,
GSP1-WT-GDP,P32835,167,179,LARKLAGNPQLEF,1455.8198,8.8049,60,10,0.177,2.4,23.998,,1,Medium,0,,,,,,,
GSP1-WT-GDP,P32835,167,179,LARKLAGNPQLEF,1455.8198,9.9225,900,10,2.253,3.167,31.667,,1,Medium,0,,,,,,,
GSP1-WT-GDP,P32835,167,179,LARKLAGNPQLEF,1455.8198,8.8245,1800,10,3.858,1.905,19.049,,1,Medium,0,,4.007,40.071,,1,0,
GSP1-WT-GDP,P32835,167,179,LARKLAGNPQLEF,1455.8198,10.1502,3600,10,5.954,4.009,40.089,,1,Medium,0,,,,,,,
GSP1-WT-GDP,P32835,167,179,LARKLAGNPQLEF,1455.8198,10.1502,7200,10,8.035,,,,,,,,,,,,,
GSP1-WT-GDP,P32835,167,179,LARKLAGNPQLEF,1455.8198,9.3119,14400,10,9.394,4.128,41.277,,1,Medium,0,,,,,,,
GSP1-WT-GDP,P32835,168,177,ARKLAGNPQL,1066.6247,5.52,0,7,0,0,0,n/a,1,Medium,0,,,,,,,
GSP1-WT-GDP,P32835,168,177,ARKLAGNPQL,1066.6247,5.4602,30,7,0.066,1.391,22.082,,1,Medium,0,,,,,,,
GSP1-WT-GDP,P32835,168,177,ARKLAGNPQL,1066.6247,5.7273,60,7,0.132,1.786,28.348,,1,Medium,0,,,,,,,
GSP1-WT-GDP,P32835,168,177,ARKLAGNPQL,1066.6247,5.8803,900,7,1.636,3.003,47.66,,1,High,0,,,,,,,
GSP1-WT-GDP,P32835,168,177,ARKLAGNPQL,1066.6247,5.7835,1800,7,2.752,2.644,41.972,,1,Medium,0,,,,,,,
GSP1-WT-GDP,P32835,168,177,ARKLAGNPQL,1066.6247,5.9691,3600,7,4.152,3.722,59.077,,1,Medium,0,,,,,,,
GSP1-WT-GDP,P32835,168,177,ARKLAGNPQL,1066.6247,5.9691,7200,7,5.516,,,,,,,,,,,,,
GSP1-WT-GDP,P32835,168,177,ARKLAGNPQL,1066.6247,5.9546,14400,7,6.473,3.629,57.599,,1,High,0,,,,,,,
GSP1-WT-GDP,P32835,168,178,ARKLAGNPQLE,1195.6673,5.1356,0,8,0,0,0,n/a,1,High,0,,,,,,,
GSP1-WT-GDP,P32835,168,178,ARKLAGNPQLE,1195.6673,0,30,8,0.073,,,,,,,,,,,,,
GSP1-WT-GDP,P32835,168,178,ARKLAGNPQLE,1195.6673,5.2996,60,8,0.145,2.112,29.338,,1,Medium,0,,,,,,,
GSP1-WT-GDP,P32835,168,178,ARKLAGNPQLE,1195.6673,5.4643,900,8,1.82,3.611,50.148,,1,High,0,,,,,,,
GSP1-WT-GDP,P32835,168,178,ARKLAGNPQLE,1195.6673,5.3064,1800,8,3.085,3.462,48.081,,1,Medium,0,,,,,,,
GSP1-WT-GDP,P32835,168,178,ARKLAGNPQLE,1195.6673,5.6377,3600,8,4.707,4.1,56.941,,1,Medium,0,,,,,,,
GSP1-WT-GDP,P32835,168,178,ARKLAGNPQLE,1195.6673,5.6377,7200,8,6.318,,,,,,,,,,,,,
GSP1-WT-GDP,P32835,168,178,ARKLAGNPQLE,1195.6673,5.5338,14400,8,7.434,4.143,57.535,,1,Medium,0,,,,,,,
GSP1-WT-GDP,P32835,168,179,ARKLAGNPQLEF,1342.7357,8.0679,0,9,0,0,0,n/a,1,High,0,,,,,,,
GSP1-WT-GDP,P32835,168,179,ARKLAGNPQLEF,1342.7357,8.2408,30,9,0.081,3.427,38.082,,1,High,0,,,,,,,
GSP1-WT-GDP,P32835,168,179,ARKLAGNPQLEF,1342.7357,8.2447,60,9,0.161,2.557,28.412,,1,High,0,,,,,,,
GSP1-WT-GDP,P32835,168,179,ARKLAGNPQLEF,1342.7357,8.5425,900,9,2.036,4.221,46.904,,1,High,0,,,,,,,
GSP1-WT-GDP,P32835,168,179,ARKLAGNPQLEF,1342.7357,8.2378,1800,9,3.471,4.198,46.65,,1,High,0,,,,,,,
GSP1-WT-GDP,P32835,168,179,ARKLAGNPQLEF,1342.7357,8.6726,3600,9,5.331,4.884,54.264,,1,High,0,,,,,,,
GSP1-WT-GDP,P32835,168,179,ARKLAGNPQLEF,1342.7357,8.6726,7200,9,7.177,,,,,,,,,,,,,
GSP1-WT-GDP,P32835,168,179,ARKLAGNPQLEF,1342.7357,8.7402,14400,9,8.414,4.841,53.789,,1,High,0,,,,,,,
GSP1-WT-GDP,P32835,168,191,ARKLAGNPQLEFVASPALAPPEVQ,2502.3595,0,0,18,0,0,0,n/a,1,High,0,,,,,,,
GSP1-WT-GDP,P32835,168,191,ARKLAGNPQLEFVASPALAPPEVQ,2502.3595,0,30,18,0.145,,,,,,,,,,,,,
GSP1-WT-GDP,P32835,168,191,ARKLAGNPQLEFVASPALAPPEVQ,2502.3595,0,60,18,0.289,,,,,,,,,,,,,
GSP1-WT-GDP,P32835,168,191,ARKLAGNPQLEFVASPALAPPEVQ,2502.3595,0,900,18,3.732,,,,,,,,,,,,,
GSP1-WT-GDP,P32835,168,191,ARKLAGNPQLEFVASPALAPPEVQ,2502.3595,0,1800,18,6.468,,,,,,,,,,,,,
GSP1-WT-GDP,P32835,168,191,ARKLAGNPQLEFVASPALAPPEVQ,2502.3595,0,3600,18,10.133,,,,,,,,,,,,,
GSP1-WT-GDP,P32835,168,191,ARKLAGNPQLEFVASPALAPPEVQ,2502.3595,0,7200,18,13.877,,,,,,,,,,,,,
GSP1-WT-GDP,P32835,168,191,ARKLAGNPQLEFVASPALAPPEVQ,2502.3595,0,14400,18,16.488,,,,,,,,,,,,,
GSP1-WT-GDP,P32835,176,184,QLEFVASPA,960.4916,7.5013,0,6,0,0,0,n/a,1,Medium,0,,,,,,,
GSP1-WT-GDP,P32835,176,184,QLEFVASPA,960.4916,7.4777,30,6,0.049,0.443,8.195,,1,Medium,0,,,,,,,
GSP1-WT-GDP,P32835,176,184,QLEFVASPA,960.4916,7.5269,60,6,0.098,0.291,5.383,,1,Medium,0,,,,,,,
GSP1-WT-GDP,P32835,176,184,QLEFVASPA,960.4916,7.7425,900,6,1.284,3.55,65.74,,1,Medium,0,,,,,,,
GSP1-WT-GDP,P32835,176,184,QLEFVASPA,960.4916,7.5155,1800,6,2.245,3.456,64.009,,1,Medium,0,,,,,,,
GSP1-WT-GDP,P32835,176,184,QLEFVASPA,960.4916,8.0353,3600,6,3.526,3.354,62.11,,1,Medium,0,,,,,,,
GSP1-WT-GDP,P32835,176,184,QLEFVASPA,960.4916,8.0353,7200,6,4.752,,,,,,,,,,,,,
GSP1-WT-GDP,P32835,176,184,QLEFVASPA,960.4916,0,14400,6,5.487,,,,,,,,,,,,,
GSP1-WT-GDP,P32835,178,182,EFVAS,551.2591,6.547,0,3,0,0,0,n/a,1,Medium,0,,,,,,,
GSP1-WT-GDP,P32835,178,182,EFVAS,551.2591,0,30,3,0.025,,,,,,,,,,,,,
GSP1-WT-GDP,P32835,178,182,EFVAS,551.2591,6.5485,60,3,0.049,0.089,2.954,,1,Medium,0,,,,,,,
GSP1-WT-GDP,P32835,178,182,EFVAS,551.2591,0,900,3,0.634,,,,,,,,,,,,,
GSP1-WT-GDP,P32835,178,182,EFVAS,551.2591,6.5814,1800,3,1.088,0.611,20.35,,1,Medium,0,,,,,,,
GSP1-WT-GDP,P32835,178,182,EFVAS,551.2591,0,3600,3,1.664,,,,,,,,,,,,,
GSP1-WT-GDP,P32835,178,182,EFVAS,551.2591,0,7200,3,2.192,,,,,,,,,,,,,
GSP1-WT-GDP,P32835,178,182,EFVAS,551.2591,0,14400,3,2.556,,,,,,,,,,,,,
GSP1-WT-GDP,P32835,178,191,EFVASPALAPPEVQ,1453.7453,8.7076,0,9,0,0,0,n/a,1,High,0,,,,,,,
GSP1-WT-GDP,P32835,178,191,EFVASPALAPPEVQ,1453.7453,8.6209,30,9,0.064,0.112,1.241,,1,Medium,0,,4.286,47.619,,1,0,
GSP1-WT-GDP,P32835,178,191,EFVASPALAPPEVQ,1453.7453,8.7123,60,9,0.128,4.45,49.449,,1,Medium,0,,,,,,,
GSP1-WT-GDP,P32835,178,191,EFVASPALAPPEVQ,1453.7453,9.899,900,9,1.695,5.305,58.941,,1,Medium,0,,,,,,,
GSP1-WT-GDP,P32835,178,191,EFVASPALAPPEVQ,1453.7453,8.7106,1800,9,2.997,5.712,63.472,,1,Medium,0,,,,,,,
GSP1-WT-GDP,P32835,178,191,EFVASPALAPPEVQ,1453.7453,10.1475,3600,9,4.803,6.158,68.421,,1,Medium,0,,,,,,,
GSP1-WT-GDP,P32835,178,191,EFVASPALAPPEVQ,1453.7453,10.1475,7200,9,6.701,,,,,,,,,,,,,
GSP1-WT-GDP,P32835,178,191,EFVASPALAPPEVQ,1453.7453,10.7493,14400,9,8.074,2.465,27.385,,1,Medium,0,,4.629,51.432,,1,0,
GSP1-WT-GDP,P32835,178,192,EFVASPALAPPEVQV,1552.8137,0,0,10,0,0,0,n/a,1,High,0,,,,,,,
GSP1-WT-GDP,P32835,178,192,EFVASPALAPPEVQV,1552.8137,0,30,10,0.067,,,,,,,,,,,,,
GSP1-WT-GDP,P32835,178,192,EFVASPALAPPEVQV,1552.8137,0,60,10,0.133,,,,,,,,,,,,,
GSP1-WT-GDP,P32835,178,192,EFVASPALAPPEVQV,1552.8137,0,900,10,1.767,,,,,,,,,,,,,
GSP1-WT-GDP,P32835,178,192,EFVASPALAPPEVQV,1552.8137,0,1800,10,3.135,,,,,,,,,,,,,
GSP1-WT-GDP,P32835,178,192,EFVASPALAPPEVQV,1552.8137,0,3600,10,5.06,,,,,,,,,,,,,
GSP1-WT-GDP,P32835,178,192,EFVASPALAPPEVQV,1552.8137,0,7200,10,7.149,,,,,,,,,,,,,
GSP1-WT-GDP,P32835,178,192,EFVASPALAPPEVQV,1552.8137,0,14400,10,8.77,,,,,,,,,,,,,
GSP1-WT-GDP,P32835,178,193,EFVASPALAPPEVQVD,1667.8407,0,0,11,0,0,0,n/a,1,High,0,,,,,,,
GSP1-WT-GDP,P32835,178,193,EFVASPALAPPEVQVD,1667.8407,0,30,11,0.084,,,,,,,,,,,,,
GSP1-WT-GDP,P32835,178,193,EFVASPALAPPEVQVD,1667.8407,0,60,11,0.168,,,,,,,,,,,,,
GSP1-WT-GDP,P32835,178,193,EFVASPALAPPEVQVD,1667.8407,0,900,11,2.18,,,,,,,,,,,,,
GSP1-WT-GDP,P32835,178,193,EFVASPALAPPEVQVD,1667.8407,0,1800,11,3.79,,,,,,,,,,,,,
GSP1-WT-GDP,P32835,178,193,EFVASPALAPPEVQVD,1667.8407,0,3600,11,5.941,,,,,,,,,,,,,
GSP1-WT-GDP,P32835,178,193,EFVASPALAPPEVQVD,1667.8407,0,7200,11,8.135,,,,,,,,,,,,,
GSP1-WT-GDP,P32835,178,193,EFVASPALAPPEVQVD,1667.8407,0,14400,11,9.769,,,,,,,,,,,,,
GSP1-WT-GDP,P32835,178,195,EFVASPALAPPEVQVDEQ,1924.9418,8.9988,0,13,0,0,0,n/a,1,Medium,0,,,,,,,
GSP1-WT-GDP,P32835,178,195,EFVASPALAPPEVQVDEQ,1924.9418,9.2362,30,13,0.13,11.173,85.942,,1,Medium,0,,,,,,,
GSP1-WT-GDP,P32835,178,195,EFVASPALAPPEVQVDEQ,1924.9418,9.1169,60,13,0.258,6.832,52.551,,1,Medium,0,,8.639,66.456,,1,0,
GSP1-WT-GDP,P32835,178,195,EFVASPALAPPEVQVDEQ,1924.9418,0,900,13,3.149,,,,,,,,,,,,,
GSP1-WT-GDP,P32835,178,195,EFVASPALAPPEVQVDEQ,1924.9418,9.1177,1800,13,5.223,8.535,65.651,,1,Medium,0,,,,,,,
GSP1-WT-GDP,P32835,178,195,EFVASPALAPPEVQVDEQ,1924.9418,0,3600,13,7.744,,,,,,,,,,,,,
GSP1-WT-GDP,P32835,178,195,EFVASPALAPPEVQVDEQ,1924.9418,0,7200,13,10.104,,,,,,,,,,,,,
GSP1-WT-GDP,P32835,178,195,EFVASPALAPPEVQVDEQ,1924.9418,0,14400,13,11.768,,,,,,,,,,,,,
GSP1-WT-GDP,P32835,178,196,EFVASPALAPPEVQVDEQL,2038.0259,10.2678,0,14,0,0,0,n/a,1,Medium,0,,,,,,,
GSP1-WT-GDP,P32835,178,196,EFVASPALAPPEVQVDEQL,2038.0259,9.9947,30,14,0.134,7.183,57.011,,1,High,0,,,,,,,
GSP1-WT-GDP,P32835,178,196,EFVASPALAPPEVQVDEQL,2038.0259,10.3598,60,14,0.265,8.116,64.41,,1,High,0,,,,,,,
GSP1-WT-GDP,P32835,178,196,EFVASPALAPPEVQVDEQL,2038.0259,10.8057,900,14,3.247,10.175,80.754,,1,High,0,,,,,,,
GSP1-WT-GDP,P32835,178,196,EFVASPALAPPEVQVDEQL,2038.0259,10.3729,1800,14,5.411,10.138,80.464,,1,High,0,,,,,,,
GSP1-WT-GDP,P32835,178,196,EFVASPALAPPEVQVDEQL,2038.0259,11.0424,3600,14,8.084,10.762,85.409,,1,High,0,,,,,,,
GSP1-WT-GDP,P32835,178,196,EFVASPALAPPEVQVDEQL,2038.0259,11.0424,7200,14,10.668,,,,,,,,,,,,,
GSP1-WT-GDP,P32835,178,196,EFVASPALAPPEVQVDEQL,2038.0259,10.9263,14400,14,12.578,10.645,84.485,,1,High,0,,,,,,,
GSP1-WT-GDP,P32835,179,192,FVASPALAPPEVQV,1423.7711,9.3343,0,9,0,0,0,n/a,1,Medium,0,,,,,,,
GSP1-WT-GDP,P32835,179,192,FVASPALAPPEVQV,1423.7711,9.1479,30,9,0.065,3.446,42.54,,1,Medium,0,,5.073,62.634,,1,0,
GSP1-WT-GDP,P32835,179,192,FVASPALAPPEVQV,1423.7711,9.4692,60,9,0.129,4.644,57.33,,1,Medium,0,,,,,,,
GSP1-WT-GDP,P32835,179,192,FVASPALAPPEVQV,1423.7711,9.902,900,9,1.715,5.948,73.429,,1,Medium,0,,,,,,,
GSP1-WT-GDP,P32835,179,192,FVASPALAPPEVQV,1423.7711,9.4759,1800,9,3.034,6.484,80.053,,1,Medium,0,,,,,,,
GSP1-WT-GDP,P32835,179,192,FVASPALAPPEVQV,1423.7711,9.4439,3600,9,4.869,7.609,93.933,,1,Medium,0,,,,,,,
GSP1-WT-GDP,P32835,179,192,FVASPALAPPEVQV,1423.7711,9.4439,7200,9,6.803,,,,,,,,,,,,,
GSP1-WT-GDP,P32835,179,192,FVASPALAPPEVQV,1423.7711,9.4462,14400,9,8.198,8.845,109.193,,1,Medium,0,,,,,,,
GSP1-WT-GDP,P32835,179,196,FVASPALAPPEVQVDEQL,1908.9833,10.0204,0,13,0,0,0,n/a,1,Medium,0,,,,,,,
GSP1-WT-GDP,P32835,179,196,FVASPALAPPEVQVDEQL,1908.9833,9.7832,30,13,0.132,7.083,60.541,,1,High,0,,,,,,,
GSP1-WT-GDP,P32835,179,196,FVASPALAPPEVQVDEQL,1908.9833,10.0101,60,13,0.262,8.009,68.449,,1,Medium,0,,,,,,,
GSP1-WT-GDP,P32835,179,196,FVASPALAPPEVQVDEQL,1908.9833,10.0099,900,13,3.196,10.558,90.239,,1,Medium,0,,,,,,,
GSP1-WT-GDP,P32835,179,196,FVASPALAPPEVQVDEQL,1908.9833,10.0124,1800,13,5.31,9.548,81.611,,1,Medium,0,,,,,,,
GSP1-WT-GDP,P32835,179,196,FVASPALAPPEVQVDEQL,1908.9833,10.8172,3600,13,7.892,10.123,86.525,,1,High,0,,,,,,,
GSP1-WT-GDP,P32835,179,196,FVASPALAPPEVQVDEQL,1908.9833,10.8172,7200,13,10.322,,,,,,,,,,,,,
GSP1-WT-GDP,P32835,179,196,FVASPALAPPEVQVDEQL,1908.9833,10.732,14400,13,12.007,9.994,85.415,,1,High,0,,,,,,,
GSP1-WT-GDP,P32835,180,191,VASPALAPPEVQ,1177.6343,7.5843,0,7,0,0,0,n/a,1,Medium,0,,,,,,,
GSP1-WT-GDP,P32835,180,191,VASPALAPPEVQ,1177.6343,7.7084,30,7,0.054,2.667,38.1,,1,Medium,0,,,,,,,
GSP1-WT-GDP,P32835,180,191,VASPALAPPEVQ,1177.6343,7.9869,60,7,0.107,2.181,31.163,,1,Medium,0,,,,,,,
GSP1-WT-GDP,P32835,180,191,VASPALAPPEVQ,1177.6343,8.5898,900,7,1.413,2.684,38.345,,1,Medium,0,,4.475,63.934,,1,0,
GSP1-WT-GDP,P32835,180,191,VASPALAPPEVQ,1177.6343,8.0548,1800,7,2.488,2.063,29.469,,1,Medium,0,,3.648,52.115,,1,0,
GSP1-WT-GDP,P32835,180,191,VASPALAPPEVQ,1177.6343,7.8752,3600,7,3.962,4.912,70.173,,1,Medium,0,,,,,,,
GSP1-WT-GDP,P32835,180,191,VASPALAPPEVQ,1177.6343,7.8752,7200,7,5.478,,,,,,,,,,,,,
GSP1-WT-GDP,P32835,180,191,VASPALAPPEVQ,1177.6343,8.6836,14400,7,6.517,3.925,56.075,,1,Medium,0,,6.568,93.824,,1,0,
GSP1-WT-GDP,P32835,180,192,VASPALAPPEVQV,1276.7027,8.5977,0,8,0,0,0,n/a,1,Medium,0,,,,,,,
GSP1-WT-GDP,P32835,180,192,VASPALAPPEVQV,1276.7027,0,30,8,0.056,,,,,,,,,,,,,
GSP1-WT-GDP,P32835,180,192,VASPALAPPEVQV,1276.7027,8.8048,60,8,0.112,4.402,55.021,,1,Medium,0,,,,,,,
GSP1-WT-GDP,P32835,180,192,VASPALAPPEVQV,1276.7027,9.0807,900,8,1.485,4.243,53.036,,1,Medium,0,,6.468,80.853,,1,0,
GSP1-WT-GDP,P32835,180,192,VASPALAPPEVQV,1276.7027,8.8299,1800,8,2.626,4.875,60.932,,1,Medium,0,,6.797,84.96,,1,0,
GSP1-WT-GDP,P32835,180,192,VASPALAPPEVQV,1276.7027,0,3600,8,4.219,,,,,,,,,,,,,
GSP1-WT-GDP,P32835,180,192,VASPALAPPEVQV,1276.7027,0,7200,8,5.926,,,,,,,,,,,,,
GSP1-WT-GDP,P32835,180,192,VASPALAPPEVQV,1276.7027,0,14400,8,7.213,,,,,,,,,,,,,
GSP1-WT-GDP,P32835,180,193,VASPALAPPEVQVD,1391.7296,8.0517,0,9,0,0,0,n/a,1,Medium,0,,,,,,,
GSP1-WT-GDP,P32835,180,193,VASPALAPPEVQVD,1391.7296,0,30,9,0.074,,,,,,,,,,,,,
GSP1-WT-GDP,P32835,180,193,VASPALAPPEVQVD,1391.7296,0,60,9,0.147,,,,,,,,,,,,,
GSP1-WT-GDP,P32835,180,193,VASPALAPPEVQVD,1391.7296,0,900,9,1.898,,,,,,,,,,,,,
GSP1-WT-GDP,P32835,180,193,VASPALAPPEVQVD,1391.7296,0,1800,9,3.282,,,,,,,,,,,,,
GSP1-WT-GDP,P32835,180,193,VASPALAPPEVQVD,1391.7296,0,3600,9,5.101,,,,,,,,,,,,,
GSP1-WT-GDP,P32835,180,193,VASPALAPPEVQVD,1391.7296,0,7200,9,6.912,,,,,,,,,,,,,
GSP1-WT-GDP,P32835,180,193,VASPALAPPEVQVD,1391.7296,0,14400,9,8.213,,,,,,,,,,,,,
GSP1-WT-GDP,P32835,180,194,VASPALAPPEVQVDE,1520.7722,8.0464,0,10,0,0,0,n/a,1,Medium,0,,,,,,,
GSP1-WT-GDP,P32835,180,194,VASPALAPPEVQVDE,1520.7722,6.2951,30,10,0.105,4.371,43.705,,1,Medium,0,,,,,,,
GSP1-WT-GDP,P32835,180,194,VASPALAPPEVQVDE,1520.7722,6.6994,60,10,0.209,5.439,54.389,,1,Medium,0,,,,,,,
GSP1-WT-GDP,P32835,180,194,VASPALAPPEVQVDE,1520.7722,7.0536,900,10,2.514,5.007,50.067,,1,Medium,0,,,,,,,
GSP1-WT-GDP,P32835,180,194,VASPALAPPEVQVDE,1520.7722,6.7797,1800,10,4.134,5.505,55.049,,1,Medium,0,,,,,,,
GSP1-WT-GDP,P32835,180,194,VASPALAPPEVQVDE,1520.7722,7.0469,3600,10,6.079,4.257,42.574,,1,Medium,0,,,,,,,
GSP1-WT-GDP,P32835,180,194,VASPALAPPEVQVDE,1520.7722,7.0469,7200,10,7.912,,,,,,,,,,,,,
GSP1-WT-GDP,P32835,180,194,VASPALAPPEVQVDE,1520.7722,7.0849,14400,10,9.213,4.705,47.048,,1,Medium,0,,,,,,,
GSP1-WT-GDP,P32835,180,195,VASPALAPPEVQVDEQ,1648.8308,0,0,11,0,0,0,n/a,1,High,0,,,,,,,
GSP1-WT-GDP,P32835,180,195,VASPALAPPEVQVDEQ,1648.8308,0,30,11,0.12,,,,,,,,,,,,,
GSP1-WT-GDP,P32835,180,195,VASPALAPPEVQVDEQ,1648.8308,0,60,11,0.237,,,,,,,,,,,,,
GSP1-WT-GDP,P32835,180,195,VASPALAPPEVQVDEQ,1648.8308,0,900,11,2.866,,,,,,,,,,,,,
GSP1-WT-GDP,P32835,180,195,VASPALAPPEVQVDEQ,1648.8308,0,1800,11,4.715,,,,,,,,,,,,,
GSP1-WT-GDP,P32835,180,195,VASPALAPPEVQVDEQ,1648.8308,0,3600,11,6.903,,,,,,,,,,,,,
GSP1-WT-GDP,P32835,180,195,VASPALAPPEVQVDEQ,1648.8308,0,7200,11,8.881,,,,,,,,,,,,,
GSP1-WT-GDP,P32835,180,195,VASPALAPPEVQVDEQ,1648.8308,0,14400,11,10.212,,,,,,,,,,,,,
GSP1-WT-GDP,P32835,180,196,VASPALAPPEVQVDEQL,1761.9149,9.3717,0,12,0,0,0,n/a,1,High,0,,,,,,,
GSP1-WT-GDP,P32835,180,196,VASPALAPPEVQVDEQL,1761.9149,9.1412,30,12,0.123,6.208,57.478,,1,High,0,,,,,,,
GSP1-WT-GDP,P32835,180,196,VASPALAPPEVQVDEQL,1761.9149,9.4507,60,12,0.244,6.961,64.456,,1,High,0,,,,,,,
GSP1-WT-GDP,P32835,180,196,VASPALAPPEVQVDEQL,1761.9149,9.9316,900,12,2.965,8.63,79.912,,1,High,0,,,,,,,
GSP1-WT-GDP,P32835,180,196,VASPALAPPEVQVDEQL,1761.9149,9.4941,1800,12,4.902,8.601,79.639,,1,High,0,,,,,,,
GSP1-WT-GDP,P32835,180,196,VASPALAPPEVQVDEQL,1761.9149,10.1476,3600,12,7.243,9.167,84.877,,1,High,0,,,,,,,
GSP1-WT-GDP,P32835,180,196,VASPALAPPEVQVDEQL,1761.9149,10.1476,7200,12,9.445,,,,,,,,,,,,,
GSP1-WT-GDP,P32835,180,196,VASPALAPPEVQVDEQL,1761.9149,10.0744,14400,12,11.022,9.066,83.945,,1,High,0,,,,,,,
GSP1-WT-GDP,P32835,183,196,PALAPPEVQVDEQL,1504.7773,9.3459,0,10,0,0,0,n/a,1,Medium,0,,,,,,,
GSP1-WT-GDP,P32835,183,196,PALAPPEVQVDEQL,1504.7773,9.3886,30,10,0.099,4.174,41.738,,1,Medium,0,,,,,,,
GSP1-WT-GDP,P32835,183,196,PALAPPEVQVDEQL,1504.7773,9.6007,60,10,0.197,5.115,51.147,,1,Medium,0,,,,,,,
GSP1-WT-GDP,P32835,183,196,PALAPPEVQVDEQL,1504.7773,0,900,10,2.364,,,,,,,,,,,,,
GSP1-WT-GDP,P32835,183,196,PALAPPEVQVDEQL,1504.7773,9.6028,1800,10,3.886,4.402,44.023,,1,Medium,0,,,,,,,
GSP1-WT-GDP,P32835,183,196,PALAPPEVQVDEQL,1504.7773,0,3600,10,5.736,,,,,,,,,,,,,
GSP1-WT-GDP,P32835,183,196,PALAPPEVQVDEQL,1504.7773,0,7200,10,7.577,,,,,,,,,,,,,
GSP1-WT-GDP,P32835,183,196,PALAPPEVQVDEQL,1504.7773,0,14400,10,9.033,,,,,,,,,,,,,
GSP1-WT-GDP,P32835,192,196,VDEQL,602.2912,6.5871,0,3,0,0,0,n/a,1,High,0,,,,,,,
GSP1-WT-GDP,P32835,192,196,VDEQL,602.2912,6.3733,30,3,0.049,1.032,38.219,,1,High,0,,,,,,,
GSP1-WT-GDP,P32835,192,196,VDEQL,602.2912,6.6582,60,3,0.097,1.246,46.13,,1,Medium,0,,,,,,,
GSP1-WT-GDP,P32835,192,196,VDEQL,602.2912,6.971,900,3,1.067,1.692,62.679,,1,Medium,0,,,,,,,
GSP1-WT-GDP,P32835,192,196,VDEQL,602.2912,6.715,1800,3,1.621,1.581,58.572,,1,Medium,0,,,,,,,
GSP1-WT-GDP,P32835,192,196,VDEQL,602.2912,7.2452,3600,3,2.142,1.782,66.008,,1,Medium,0,,,,,,,
GSP1-WT-GDP,P32835,192,196,VDEQL,602.2912,7.2452,7200,3,2.533,,,,,,,,,,,,,
GSP1-WT-GDP,P32835,192,196,VDEQL,602.2912,7.1839,14400,3,2.809,1.732,64.163,,1,Medium,0,,,,,,,
GSP1-WT-GDP,P32835,193,196,DEQL,503.2227,6.1631,0,2,0,0,0,n/a,1,Medium,0,,,,,,,
GSP1-WT-GDP,P32835,193,196,DEQL,503.2227,5.9447,30,2,0.018,0.755,41.948,,1,Medium,0,,,,,,,
GSP1-WT-GDP,P32835,193,196,DEQL,503.2227,6.3075,60,2,0.035,0.949,52.727,,1,Medium,0,,,,,,,
GSP1-WT-GDP,P32835,193,196,DEQL,503.2227,6.6454,900,2,0.451,1.326,73.659,,1,Medium,0,,,,,,,
GSP1-WT-GDP,P32835,193,196,DEQL,503.2227,6.3345,1800,2,0.768,1.329,73.833,,1,Medium,0,,,,,,,
GSP1-WT-GDP,P32835,193,196,DEQL,503.2227,6.8357,3600,2,1.164,1.378,76.57,,1,Medium,0,,,,,,,
GSP1-WT-GDP,P32835,193,196,DEQL,503.2227,6.8357,7200,2,1.533,,,,,,,,,,,,,
GSP1-WT-GDP,P32835,193,196,DEQL,503.2227,6.745,14400,2,1.809,1.445,80.3,,1,Medium,0,,,,,,,
GSP1-WT-GDP,P32835,197,203,MQQYQQE,953.3913,0,0,5,0,0,0,n/a,1,High,0,,,,,,,
GSP1-WT-GDP,P32835,197,203,MQQYQQE,953.3913,0,30,5,0.047,,,,,,,,,,,,,
GSP1-WT-GDP,P32835,197,203,MQQYQQE,953.3913,0,60,5,0.093,,,,,,,,,,,,,
GSP1-WT-GDP,P32835,197,203,MQQYQQE,953.3913,0,900,5,1.222,,,,,,,,,,,,,
GSP1-WT-GDP,P32835,197,203,MQQYQQE,953.3913,0,1800,5,2.128,,,,,,,,,,,,,
GSP1-WT-GDP,P32835,197,203,MQQYQQE,953.3913,0,3600,5,3.312,,,,,,,,,,,,,
GSP1-WT-GDP,P32835,197,203,MQQYQQE,953.3913,0,7200,5,4.38,,,,,,,,,,,,,
GSP1-WT-GDP,P32835,197,203,MQQYQQE,953.3913,0,14400,5,4.899,,,,,,,,,,,,,
GSP1-WT-GDP,P32835,197,206,MQQYQQEMEQ,1341.5329,6.5515,0,8,0,0,0,n/a,1,Medium,0,,,,,,,
GSP1-WT-GDP,P32835,197,206,MQQYQQEMEQ,1341.5329,6.4771,30,8,0.085,5.589,77.621,,1,Medium,0,,,,,,,
GSP1-WT-GDP,P32835,197,206,MQQYQQEMEQ,1341.5329,6.7767,60,8,0.168,6.203,86.156,,1,Medium,0,,,,,,,
GSP1-WT-GDP,P32835,197,206,MQQYQQEMEQ,1341.5329,6.9891,900,8,2.165,6.793,94.351,,1,Medium,0,,,,,,,
GSP1-WT-GDP,P32835,197,206,MQQYQQEMEQ,1341.5329,6.9528,1800,8,3.715,6.878,95.523,,1,Medium,0,,,,,,,
GSP1-WT-GDP,P32835,197,206,MQQYQQEMEQ,1341.5329,7.2153,3600,8,5.642,7.318,101.642,,1,Medium,0,,,,,,,
GSP1-WT-GDP,P32835,197,206,MQQYQQEMEQ,1341.5329,7.2153,7200,8,7.227,,,,,,,,,,,,,
GSP1-WT-GDP,P32835,197,206,MQQYQQEMEQ,1341.5329,7.1504,14400,8,7.891,7.217,100.243,,1,Medium,0,,,,,,,
GSP1-WT-GDP,P32835,197,207,MQQYQQEMEQA,1412.57,7.2219,0,9,0,0,0,n/a,1,Medium,0,,,,,,,
GSP1-WT-GDP,P32835,197,207,MQQYQQEMEQA,1412.57,6.8947,30,9,0.097,4.288,52.94,,1,High,0,,,,,,,
GSP1-WT-GDP,P32835,197,207,MQQYQQEMEQA,1412.57,7.2209,60,9,0.194,5.814,71.778,,1,Medium,0,,,,,,,
GSP1-WT-GDP,P32835,197,207,MQQYQQEMEQA,1412.57,7.6601,900,9,2.487,7.168,88.492,,1,High,0,,,,,,,
GSP1-WT-GDP,P32835,197,207,MQQYQQEMEQA,1412.57,7.3157,1800,9,4.256,6.899,85.171,,1,High,0,,,,,,,
GSP1-WT-GDP,P32835,197,207,MQQYQQEMEQA,1412.57,7.8909,3600,9,6.431,7.292,90.024,,1,High,0,,,,,,,
GSP1-WT-GDP,P32835,197,207,MQQYQQEMEQA,1412.57,7.8909,7200,9,8.182,,,,,,,,,,,,,
GSP1-WT-GDP,P32835,197,207,MQQYQQEMEQA,1412.57,7.8004,14400,9,8.889,7.132,88.045,,1,High,0,,,,,,,
GSP1-WT-GDP,P32835,197,216,MQQYQQEMEQATALPLPDED,2364.025,9.7796,0,16,0,0,0,n/a,1,High,0,,,,,,,
GSP1-WT-GDP,P32835,197,216,MQQYQQEMEQATALPLPDED,2364.025,9.4823,30,16,0.22,8.098,56.238,,1,High,0,,,,,,,
GSP1-WT-GDP,P32835,197,216,MQQYQQEMEQATALPLPDED,2364.025,9.8882,60,16,0.434,9.86,68.473,,1,High,0,,,,,,,
GSP1-WT-GDP,P32835,197,216,MQQYQQEMEQATALPLPDED,2364.025,10.2866,900,16,4.895,11.24,78.058,,1,High,0,,,,,,,
GSP1-WT-GDP,P32835,197,216,MQQYQQEMEQATALPLPDED,2364.025,9.9166,1800,16,7.795,11.158,77.485,,1,High,0,,,,,,,
GSP1-WT-GDP,P32835,197,216,MQQYQQEMEQATALPLPDED,2364.025,10.5782,3600,16,11.121,11.677,81.089,,1,High,0,,,,,,,
GSP1-WT-GDP,P32835,197,216,MQQYQQEMEQATALPLPDED,2364.025,10.5782,7200,16,13.911,,,,,,,,,,,,,
GSP1-WT-GDP,P32835,197,216,MQQYQQEMEQATALPLPDED,2364.025,10.4755,14400,16,15.386,11.811,82.018,,1,High,0,,,,,,,
GSP1-WT-GDP,P32835,197,217,MQQYQQEMEQATALPLPDEDD,2479.0519,9.7795,0,17,0,0,0,n/a,1,Medium,0,,,,,,,
GSP1-WT-GDP,P32835,197,217,MQQYQQEMEQATALPLPDEDD,2479.0519,9.7858,30,17,0.302,3.765,24.608,,1,Medium,0,,,,,,,
GSP1-WT-GDP,P32835,197,217,MQQYQQEMEQATALPLPDEDD,2479.0519,10.1799,60,17,0.591,4.564,29.831,,1,Medium,0,,,,,,,
GSP1-WT-GDP,P32835,197,217,MQQYQQEMEQATALPLPDEDD,2479.0519,10.6779,900,17,5.819,6.05,39.542,,1,Medium,0,,,,,,,
GSP1-WT-GDP,P32835,197,217,MQQYQQEMEQATALPLPDEDD,2479.0519,10.1889,1800,17,8.789,5.935,38.793,,1,Medium,0,,,,,,,
GSP1-WT-GDP,P32835,197,217,MQQYQQEMEQATALPLPDEDD,2479.0519,10.9367,3600,17,12.121,6.923,45.248,,1,Medium,0,,,,,,,
GSP1-WT-GDP,P32835,197,217,MQQYQQEMEQATALPLPDEDD,2479.0519,10.9367,7200,17,14.911,,,,,,,,,,,,,
GSP1-WT-GDP,P32835,197,217,MQQYQQEMEQATALPLPDEDD,2479.0519,10.7961,14400,17,16.386,7.264,47.477,,1,Medium,0,,,,,,,
GSP1-WT-GDP,P32835,197,220,MQQYQQEMEQATALPLPDEDDADL,2778.2,10.5353,0,20,0,0,0,n/a,1,High,0,,,,,,,
GSP1-WT-GDP,P32835,197,220,MQQYQQEMEQATALPLPDEDDADL,2778.2,10.2616,30,20,0.357,9.167,50.926,,1,High,0,,,,,,,
GSP1-WT-GDP,P32835,197,220,MQQYQQEMEQATALPLPDEDDADL,2778.2,10.7756,60,20,0.701,10.676,59.314,,1,High,0,,,,,,,
GSP1-WT-GDP,P32835,197,220,MQQYQQEMEQATALPLPDEDDADL,2778.2,11.1527,900,20,7.008,12.509,69.494,,1,High,0,,,,,,,
GSP1-WT-GDP,P32835,197,220,MQQYQQEMEQATALPLPDEDDADL,2778.2,10.779,1800,20,10.559,11.944,66.354,,1,High,0,,,,,,,
GSP1-WT-GDP,P32835,197,220,MQQYQQEMEQATALPLPDEDDADL,2778.2,11.1431,3600,20,14.364,12.677,70.428,,1,High,0,,,,,,,
GSP1-WT-GDP,P32835,197,220,MQQYQQEMEQATALPLPDEDDADL,2778.2,11.1431,7200,20,17.455,,,,,,,,,,,,,
GSP1-WT-GDP,P32835,197,220,MQQYQQEMEQATALPLPDEDDADL,2778.2,11.1869,14400,20,19.182,12.563,69.796,,1,Medium,0,,,,,,,
GSP1-WT-GDP,P32835,200,220,YQQEMEQATALPLPDEDDADL,2391.0424,10.1367,0,17,0,0,0,n/a,1,High,0,,,,,,,
GSP1-WT-GDP,P32835,200,220,YQQEMEQATALPLPDEDDADL,2391.0424,9.8703,30,17,0.334,7.227,47.234,,1,Medium,0,,,,,,,
GSP1-WT-GDP,P32835,200,220,YQQEMEQATALPLPDEDDADL,2391.0424,10.2789,60,17,0.654,10.81,70.655,,1,Medium,0,,,,,,,
GSP1-WT-GDP,P32835,200,220,YQQEMEQATALPLPDEDDADL,2391.0424,10.7569,900,17,6.383,9.463,61.852,,1,Medium,0,,,,,,,
GSP1-WT-GDP,P32835,200,220,YQQEMEQATALPLPDEDDADL,2391.0424,10.308,1800,17,9.443,8.716,56.968,,1,High,0,,,,,,,
GSP1-WT-GDP,P32835,200,220,YQQEMEQATALPLPDEDDADL,2391.0424,10.9878,3600,17,12.559,9.459,61.825,,1,Medium,0,,,,,,,
GSP1-WT-GDP,P32835,200,220,YQQEMEQATALPLPDEDDADL,2391.0424,10.9878,7200,17,14.949,,,,,,,,,,,,,
GSP1-WT-GDP,P32835,200,220,YQQEMEQATALPLPDEDDADL,2391.0424,10.9171,14400,17,16.274,9.333,60.997,,1,Medium,0,,,,,,,
GSP1-WT-GDP,P32835,204,220,MEQATALPLPDEDDADL,1842.8193,9.9606,0,13,0,0,0,n/a,1,High,0,,,,,,,
GSP1-WT-GDP,P32835,204,220,MEQATALPLPDEDDADL,1842.8193,9.6201,30,13,0.287,5.351,45.734,,1,High,0,,,,,,,
GSP1-WT-GDP,P32835,204,220,MEQATALPLPDEDDADL,1842.8193,9.9977,60,13,0.561,6.147,52.542,,1,High,0,,,,,,,
GSP1-WT-GDP,P32835,204,220,MEQATALPLPDEDDADL,1842.8193,10.4533,900,13,5.196,6.374,54.479,,1,High,0,,,,,,,
GSP1-WT-GDP,P32835,204,220,MEQATALPLPDEDDADL,1842.8193,10.0436,1800,13,7.425,6.21,53.079,,1,High,0,,,,,,,
GSP1-WT-GDP,P32835,204,220,MEQATALPLPDEDDADL,1842.8193,10.7475,3600,13,9.546,6.843,58.489,,1,High,0,,,,,,,
GSP1-WT-GDP,P32835,204,220,MEQATALPLPDEDDADL,1842.8193,10.7475,7200,13,11.198,,,,,,,,,,,,,
GSP1-WT-GDP,P32835,204,220,MEQATALPLPDEDDADL,1842.8193,10.5049,14400,13,12.29,6.904,59.006,,1,High,0,,,,,,,
GSP1-WT-GDP,P32835,207,220,ATALPLPDEDDADL,1454.6777,9.6039,0,10,0,0,0,n/a,1,Medium,0,,,,,,,
GSP1-WT-GDP,P32835,207,220,ATALPLPDEDDADL,1454.6777,9.3534,30,10,0.254,3.854,42.819,,1,High,0,,,,,,,
GSP1-WT-GDP,P32835,207,220,ATALPLPDEDDADL,1454.6777,8.8282,60,10,0.496,3.406,37.842,,1,Medium,0,,,,,,,
GSP1-WT-GDP,P32835,207,220,ATALPLPDEDDADL,1454.6777,10.1839,900,10,4.366,4.773,53.034,,1,High,0,,,,,,,
GSP1-WT-GDP,P32835,207,220,ATALPLPDEDDADL,1454.6777,9.7339,1800,10,6.018,4.458,49.532,,1,High,0,,,,,,,
GSP1-WT-GDP,P32835,207,220,ATALPLPDEDDADL,1454.6777,10.3983,3600,10,7.444,5.15,57.219,,1,High,0,,,,,,,
GSP1-WT-GDP,P32835,207,220,ATALPLPDEDDADL,1454.6777,10.3983,7200,10,8.534,,,,,,,,,,,,,
GSP1-WT-GDP,P32835,207,220,ATALPLPDEDDADL,1454.6777,10.3318,14400,10,9.361,5.072,56.352,,1,High,0,,,,,,,
GSP1-WT-GDP,P32835,208,220,TALPLPDEDDADL,1383.6406,9.6337,0,9,0,0,0,n/a,1,Medium,0,,,,,,,
GSP1-WT-GDP,P32835,208,220,TALPLPDEDDADL,1383.6406,9.319,30,9,0.243,3.587,44.289,,1,High,0,,,,,,,
GSP1-WT-GDP,P32835,208,220,TALPLPDEDDADL,1383.6406,9.7118,60,9,0.475,4.023,49.664,,1,High,0,,,,,,,
GSP1-WT-GDP,P32835,208,220,TALPLPDEDDADL,1383.6406,10.1263,900,9,4.09,4.262,52.615,,1,High,0,,,,,,,
GSP1-WT-GDP,P32835,208,220,TALPLPDEDDADL,1383.6406,9.7405,1800,9,5.541,4.017,49.596,,1,High,0,,,,,,,
GSP1-WT-GDP,P32835,208,220,TALPLPDEDDADL,1383.6406,10.3616,3600,9,6.718,4.528,55.905,,1,High,0,,,,,,,
GSP1-WT-GDP,P32835,208,220,TALPLPDEDDADL,1383.6406,10.3616,7200,9,7.609,,,,,,,,,,,,,
GSP1-WT-GDP,P32835,208,220,TALPLPDEDDADL,1383.6406,10.2818,14400,9,8.367,4.462,55.088,,1,High,0,,,,,,,